name	contigs_db_path
GCA_014653985_1_SAG_MED22	/tank/kfreel_data/SAR11_genomes/Freel_manu_SAR11/preprint/data/01_CONTIGS/02_CONTIGS_sags/GCA_014653985_1_ASM1465398v1.db
GCA_014654265_1_SAG_MED11	/tank/kfreel_data/SAR11_genomes/Freel_manu_SAR11/preprint/data/01_CONTIGS/02_CONTIGS_sags/GCA_014654265_1_ASM1465426v1.db
GCA_014654455_1_SAG_MED01	/tank/kfreel_data/SAR11_genomes/Freel_manu_SAR11/preprint/data/01_CONTIGS/02_CONTIGS_sags/GCA_014654455_1_ASM1465445v1.db
GCA_014654065_1_SAG_MED15	/tank/kfreel_data/SAR11_genomes/Freel_manu_SAR11/preprint/data/01_CONTIGS/02_CONTIGS_sags/GCA_014654065_1_ASM1465406v1.db
GCA_014654165_1_SAG_MED13	/tank/kfreel_data/SAR11_genomes/Freel_manu_SAR11/preprint/data/01_CONTIGS/02_CONTIGS_sags/GCA_014654165_1_ASM1465416v1.db
GCA_014653385_1_SAG_MED50	/tank/kfreel_data/SAR11_genomes/Freel_manu_SAR11/preprint/data/01_CONTIGS/02_CONTIGS_sags/GCA_014653385_1_ASM1465338v1.db
GCA_014654325_1_SAG_MED08	/tank/kfreel_data/SAR11_genomes/Freel_manu_SAR11/preprint/data/01_CONTIGS/02_CONTIGS_sags/GCA_014654325_1_ASM1465432v1.db
GCA_014653735_1_SAG_MED33	/tank/kfreel_data/SAR11_genomes/Freel_manu_SAR11/preprint/data/01_CONTIGS/02_CONTIGS_sags/GCA_014653735_1_ASM1465373v1.db
GCA_014654415_1_SAG_MED05	/tank/kfreel_data/SAR11_genomes/Freel_manu_SAR11/preprint/data/01_CONTIGS/02_CONTIGS_sags/GCA_014654415_1_ASM1465441v1.db
GCA_014653355_1_SAG_MED47	/tank/kfreel_data/SAR11_genomes/Freel_manu_SAR11/preprint/data/01_CONTIGS/02_CONTIGS_sags/GCA_014653355_1_ASM1465335v1.db
GCA_014653835_1_SAG_MED28	/tank/kfreel_data/SAR11_genomes/Freel_manu_SAR11/preprint/data/01_CONTIGS/02_CONTIGS_sags/GCA_014653835_1_ASM1465383v1.db
GCA_014653365_1_SAG_MED49	/tank/kfreel_data/SAR11_genomes/Freel_manu_SAR11/preprint/data/01_CONTIGS/02_CONTIGS_sags/GCA_014653365_1_ASM1465336v1.db
FZCC0015	/tank/kfreel_data/SAR11_genomes/Freel_manu_SAR11/preprint/data/01_CONTIGS/03_CONTIGS_reference_genomes/FZCC0015.db
HIMB58	/tank/kfreel_data/SAR11_genomes/Freel_manu_SAR11/preprint/data/01_CONTIGS/03_CONTIGS_reference_genomes/HIMB58.db
HIMB83	/tank/kfreel_data/SAR11_genomes/Freel_manu_SAR11/preprint/data/01_CONTIGS/03_CONTIGS_reference_genomes/HIMB83.db
HIMB114	/tank/kfreel_data/SAR11_genomes/Freel_manu_SAR11/preprint/data/01_CONTIGS/03_CONTIGS_reference_genomes/HIMB114.db
HIMB122	/tank/kfreel_data/SAR11_genomes/Freel_manu_SAR11/preprint/data/01_CONTIGS/03_CONTIGS_reference_genomes/HIMB122.db
HIMB1321	/tank/kfreel_data/SAR11_genomes/Freel_manu_SAR11/preprint/data/01_CONTIGS/03_CONTIGS_reference_genomes/HIMB1321.db
HIMB140	/tank/kfreel_data/SAR11_genomes/Freel_manu_SAR11/preprint/data/01_CONTIGS/03_CONTIGS_reference_genomes/HIMB140.db
HIMB4	/tank/kfreel_data/SAR11_genomes/Freel_manu_SAR11/preprint/data/01_CONTIGS/03_CONTIGS_reference_genomes/HIMB4.db
HIMB5	/tank/kfreel_data/SAR11_genomes/Freel_manu_SAR11/preprint/data/01_CONTIGS/03_CONTIGS_reference_genomes/HIMB5.db
HTCC1002	/tank/kfreel_data/SAR11_genomes/Freel_manu_SAR11/preprint/data/01_CONTIGS/03_CONTIGS_reference_genomes/HTCC1002.db
HTCC1013	/tank/kfreel_data/SAR11_genomes/Freel_manu_SAR11/preprint/data/01_CONTIGS/03_CONTIGS_reference_genomes/HTCC1013.db
HTCC1016	/tank/kfreel_data/SAR11_genomes/Freel_manu_SAR11/preprint/data/01_CONTIGS/03_CONTIGS_reference_genomes/HTCC1016.db
HTCC1040	/tank/kfreel_data/SAR11_genomes/Freel_manu_SAR11/preprint/data/01_CONTIGS/03_CONTIGS_reference_genomes/HTCC1040.db
HTCC1062	/tank/kfreel_data/SAR11_genomes/Freel_manu_SAR11/preprint/data/01_CONTIGS/03_CONTIGS_reference_genomes/HTCC1062.db
HTCC7211	/tank/kfreel_data/SAR11_genomes/Freel_manu_SAR11/preprint/data/01_CONTIGS/03_CONTIGS_reference_genomes/HTCC7211.db
HTCC7214	/tank/kfreel_data/SAR11_genomes/Freel_manu_SAR11/preprint/data/01_CONTIGS/03_CONTIGS_reference_genomes/HTCC7214.db
HTCC7217	/tank/kfreel_data/SAR11_genomes/Freel_manu_SAR11/preprint/data/01_CONTIGS/03_CONTIGS_reference_genomes/HTCC7217.db
HTCC8051	/tank/kfreel_data/SAR11_genomes/Freel_manu_SAR11/preprint/data/01_CONTIGS/03_CONTIGS_reference_genomes/HTCC8051.db
HTCC9022	/tank/kfreel_data/SAR11_genomes/Freel_manu_SAR11/preprint/data/01_CONTIGS/03_CONTIGS_reference_genomes/HTCC9022.db
HTCC9565	/tank/kfreel_data/SAR11_genomes/Freel_manu_SAR11/preprint/data/01_CONTIGS/03_CONTIGS_reference_genomes/HTCC9565.db
IMCC9063	/tank/kfreel_data/SAR11_genomes/Freel_manu_SAR11/preprint/data/01_CONTIGS/03_CONTIGS_reference_genomes/IMCC9063.db
LSUCC0530	/tank/kfreel_data/SAR11_genomes/Freel_manu_SAR11/preprint/data/01_CONTIGS/03_CONTIGS_reference_genomes/LSUCC0530.db
NP1	/tank/kfreel_data/SAR11_genomes/Freel_manu_SAR11/preprint/data/01_CONTIGS/03_CONTIGS_reference_genomes/NP1.db
RS39	/tank/kfreel_data/SAR11_genomes/Freel_manu_SAR11/preprint/data/01_CONTIGS/03_CONTIGS_reference_genomes/RS39.db
RS40	/tank/kfreel_data/SAR11_genomes/Freel_manu_SAR11/preprint/data/01_CONTIGS/03_CONTIGS_reference_genomes/RS40.db
GCA_902578885_1_AG_426_M19	/tank/kfreel_data/SAR11_genomes/Freel_manu_SAR11/preprint/data/01_CONTIGS/02_CONTIGS_sags/GCA_902578885_1_AG_426_M19.db
GCA_902537795_1_AG_349_L17	/tank/kfreel_data/SAR11_genomes/Freel_manu_SAR11/preprint/data/01_CONTIGS/02_CONTIGS_sags/GCA_902537795_1_AG_349_L17.db
GCA_902538845_1_AG_349_O05	/tank/kfreel_data/SAR11_genomes/Freel_manu_SAR11/preprint/data/01_CONTIGS/02_CONTIGS_sags/GCA_902538845_1_AG_349_O05.db
GCA_902560565_1_AG_404_B06	/tank/kfreel_data/SAR11_genomes/Freel_manu_SAR11/preprint/data/01_CONTIGS/02_CONTIGS_sags/GCA_902560565_1_AG_404_B06.db
GCA_902550805_1_AG_365_C14	/tank/kfreel_data/SAR11_genomes/Freel_manu_SAR11/preprint/data/01_CONTIGS/02_CONTIGS_sags/GCA_902550805_1_AG_365_C14.db
GCA_902521805_1_AG_333_M03	/tank/kfreel_data/SAR11_genomes/Freel_manu_SAR11/preprint/data/01_CONTIGS/02_CONTIGS_sags/GCA_902521805_1_AG_333_M03.db
GCA_902521005_1_AG_333_K06	/tank/kfreel_data/SAR11_genomes/Freel_manu_SAR11/preprint/data/01_CONTIGS/02_CONTIGS_sags/GCA_902521005_1_AG_333_K06.db
GCA_902561155_1_AG_404_C23	/tank/kfreel_data/SAR11_genomes/Freel_manu_SAR11/preprint/data/01_CONTIGS/02_CONTIGS_sags/GCA_902561155_1_AG_404_C23.db
GCA_902582665_1_AG_430_I06	/tank/kfreel_data/SAR11_genomes/Freel_manu_SAR11/preprint/data/01_CONTIGS/02_CONTIGS_sags/GCA_902582665_1_AG_430_I06.db
GCA_902555825_1_AG_390_D18	/tank/kfreel_data/SAR11_genomes/Freel_manu_SAR11/preprint/data/01_CONTIGS/02_CONTIGS_sags/GCA_902555825_1_AG_390_D18.db
GCA_902577415_1_AG_426_G09	/tank/kfreel_data/SAR11_genomes/Freel_manu_SAR11/preprint/data/01_CONTIGS/02_CONTIGS_sags/GCA_902577415_1_AG_426_G09.db
GCA_902564245_1_AG_404_O18	/tank/kfreel_data/SAR11_genomes/Freel_manu_SAR11/preprint/data/01_CONTIGS/02_CONTIGS_sags/GCA_902564245_1_AG_404_O18.db
GCA_902578155_1_AG_426_L23	/tank/kfreel_data/SAR11_genomes/Freel_manu_SAR11/preprint/data/01_CONTIGS/02_CONTIGS_sags/GCA_902578155_1_AG_426_L23.db
GCA_902562875_1_AG_404_J20	/tank/kfreel_data/SAR11_genomes/Freel_manu_SAR11/preprint/data/01_CONTIGS/02_CONTIGS_sags/GCA_902562875_1_AG_404_J20.db
GCA_902564565_1_AG_404_P20	/tank/kfreel_data/SAR11_genomes/Freel_manu_SAR11/preprint/data/01_CONTIGS/02_CONTIGS_sags/GCA_902564565_1_AG_404_P20.db
GCA_902577195_1_AG_426_G02	/tank/kfreel_data/SAR11_genomes/Freel_manu_SAR11/preprint/data/01_CONTIGS/02_CONTIGS_sags/GCA_902577195_1_AG_426_G02.db
GCA_902569805_1_AG_414_M23	/tank/kfreel_data/SAR11_genomes/Freel_manu_SAR11/preprint/data/01_CONTIGS/02_CONTIGS_sags/GCA_902569805_1_AG_414_M23.db
GCA_902560815_1_AG_404_C02	/tank/kfreel_data/SAR11_genomes/Freel_manu_SAR11/preprint/data/01_CONTIGS/02_CONTIGS_sags/GCA_902560815_1_AG_404_C02.db
GCA_902577615_1_AG_426_I15	/tank/kfreel_data/SAR11_genomes/Freel_manu_SAR11/preprint/data/01_CONTIGS/02_CONTIGS_sags/GCA_902577615_1_AG_426_I15.db
GCA_902567835_1_AG_414_E02	/tank/kfreel_data/SAR11_genomes/Freel_manu_SAR11/preprint/data/01_CONTIGS/02_CONTIGS_sags/GCA_902567835_1_AG_414_E02.db
GCA_902515425_1_AG_325_E08	/tank/kfreel_data/SAR11_genomes/Freel_manu_SAR11/preprint/data/01_CONTIGS/02_CONTIGS_sags/GCA_902515425_1_AG_325_E08.db
GCA_902518835_1_AG_333_D08	/tank/kfreel_data/SAR11_genomes/Freel_manu_SAR11/preprint/data/01_CONTIGS/02_CONTIGS_sags/GCA_902518835_1_AG_333_D08.db
GCA_902517615_1_AG_333_A04	/tank/kfreel_data/SAR11_genomes/Freel_manu_SAR11/preprint/data/01_CONTIGS/02_CONTIGS_sags/GCA_902517615_1_AG_333_A04.db
GCA_902571845_1_AG_422_D23	/tank/kfreel_data/SAR11_genomes/Freel_manu_SAR11/preprint/data/01_CONTIGS/02_CONTIGS_sags/GCA_902571845_1_AG_422_D23.db
GCA_902570235_1_AG_414_O11	/tank/kfreel_data/SAR11_genomes/Freel_manu_SAR11/preprint/data/01_CONTIGS/02_CONTIGS_sags/GCA_902570235_1_AG_414_O11.db
GCA_902543155_1_AG_359_O02	/tank/kfreel_data/SAR11_genomes/Freel_manu_SAR11/preprint/data/01_CONTIGS/02_CONTIGS_sags/GCA_902543155_1_AG_359_O02.db
GCA_902580005_1_AG_430_E20	/tank/kfreel_data/SAR11_genomes/Freel_manu_SAR11/preprint/data/01_CONTIGS/02_CONTIGS_sags/GCA_902580005_1_AG_430_E20.db
GCA_902559505_1_AG_390_O04	/tank/kfreel_data/SAR11_genomes/Freel_manu_SAR11/preprint/data/01_CONTIGS/02_CONTIGS_sags/GCA_902559505_1_AG_390_O04.db
GCA_902509665_1_AG_313_A04	/tank/kfreel_data/SAR11_genomes/Freel_manu_SAR11/preprint/data/01_CONTIGS/02_CONTIGS_sags/GCA_902509665_1_AG_313_A04.db
GCA_902595245_1_AG_447_N18	/tank/kfreel_data/SAR11_genomes/Freel_manu_SAR11/preprint/data/01_CONTIGS/02_CONTIGS_sags/GCA_902595245_1_AG_447_N18.db
GCA_902558255_1_AG_390_L03	/tank/kfreel_data/SAR11_genomes/Freel_manu_SAR11/preprint/data/01_CONTIGS/02_CONTIGS_sags/GCA_902558255_1_AG_390_L03.db
GCA_902525505_1_AG_337_G04	/tank/kfreel_data/SAR11_genomes/Freel_manu_SAR11/preprint/data/01_CONTIGS/02_CONTIGS_sags/GCA_902525505_1_AG_337_G04.db
GCA_902580675_1_AG_430_F16	/tank/kfreel_data/SAR11_genomes/Freel_manu_SAR11/preprint/data/01_CONTIGS/02_CONTIGS_sags/GCA_902580675_1_AG_430_F16.db
GCA_902576855_1_AG_426_E17	/tank/kfreel_data/SAR11_genomes/Freel_manu_SAR11/preprint/data/01_CONTIGS/02_CONTIGS_sags/GCA_902576855_1_AG_426_E17.db
GCA_902560625_1_AG_404_B04	/tank/kfreel_data/SAR11_genomes/Freel_manu_SAR11/preprint/data/01_CONTIGS/02_CONTIGS_sags/GCA_902560625_1_AG_404_B04.db
GCA_001704065_1_GOM_A1	/tank/kfreel_data/SAR11_genomes/Freel_manu_SAR11/preprint/data/01_CONTIGS/02_CONTIGS_sags/GCA_001704065_1_ASM170406v1.db
GCA_001179845_1_SCGC_AAA795_A20	/tank/kfreel_data/SAR11_genomes/Freel_manu_SAR11/preprint/data/01_CONTIGS/02_CONTIGS_sags/GCA_001179845_1.db
GCA_001179925_1_SCGC_AAA795_D22	/tank/kfreel_data/SAR11_genomes/Freel_manu_SAR11/preprint/data/01_CONTIGS/02_CONTIGS_sags/GCA_001179925_1.db
GCA_902597175_1_AG_916_E17	/tank/kfreel_data/SAR11_genomes/Freel_manu_SAR11/preprint/data/01_CONTIGS/02_CONTIGS_sags/GCA_902597175_1_AG_916_E17.db
GCA_902561535_1_AG_907_B09	/tank/kfreel_data/SAR11_genomes/Freel_manu_SAR11/preprint/data/01_CONTIGS/02_CONTIGS_sags/GCA_902561535_1_AG_907_B09.db
GCA_902573425_1_AG_422_J20	/tank/kfreel_data/SAR11_genomes/Freel_manu_SAR11/preprint/data/01_CONTIGS/02_CONTIGS_sags/GCA_902573425_1_AG_422_J20.db
GCA_902578315_1_AG_911_E05	/tank/kfreel_data/SAR11_genomes/Freel_manu_SAR11/preprint/data/01_CONTIGS/02_CONTIGS_sags/GCA_902578315_1_AG_911_E05.db
GCA_902539745_1_AG_359_B04	/tank/kfreel_data/SAR11_genomes/Freel_manu_SAR11/preprint/data/01_CONTIGS/02_CONTIGS_sags/GCA_902539745_1_AG_359_B04.db
GCA_902571095_1_AG_422_B23	/tank/kfreel_data/SAR11_genomes/Freel_manu_SAR11/preprint/data/01_CONTIGS/02_CONTIGS_sags/GCA_902571095_1_AG_422_B23.db
GCA_902547535_1_AG_901_I06	/tank/kfreel_data/SAR11_genomes/Freel_manu_SAR11/preprint/data/01_CONTIGS/02_CONTIGS_sags/GCA_902547535_1_AG_901_I06.db
GCA_902633985_1_AG_426_M05	/tank/kfreel_data/SAR11_genomes/Freel_manu_SAR11/preprint/data/01_CONTIGS/02_CONTIGS_sags/GCA_902633985_1_AG_426_M05.db
GCA_902540595_1_AG_899_N21	/tank/kfreel_data/SAR11_genomes/Freel_manu_SAR11/preprint/data/01_CONTIGS/02_CONTIGS_sags/GCA_902540595_1_AG_899_N21.db
GCA_902594335_1_AG_915_K07	/tank/kfreel_data/SAR11_genomes/Freel_manu_SAR11/preprint/data/01_CONTIGS/02_CONTIGS_sags/GCA_902594335_1_AG_915_K07.db
GCA_902634305_1_AG_439_B12	/tank/kfreel_data/SAR11_genomes/Freel_manu_SAR11/preprint/data/01_CONTIGS/02_CONTIGS_sags/GCA_902634305_1_AG_439_B12.db
GCA_902558545_1_AG_390_L16	/tank/kfreel_data/SAR11_genomes/Freel_manu_SAR11/preprint/data/01_CONTIGS/02_CONTIGS_sags/GCA_902558545_1_AG_390_L16.db
GCA_902528985_1_AG_896_L20	/tank/kfreel_data/SAR11_genomes/Freel_manu_SAR11/preprint/data/01_CONTIGS/02_CONTIGS_sags/GCA_902528985_1_AG_896_L20.db
GCA_902623605_1_AG_893_N22	/tank/kfreel_data/SAR11_genomes/Freel_manu_SAR11/preprint/data/01_CONTIGS/02_CONTIGS_sags/GCA_902623605_1_AG_893_N22.db
GCA_902552805_1_AG_903_O08	/tank/kfreel_data/SAR11_genomes/Freel_manu_SAR11/preprint/data/01_CONTIGS/02_CONTIGS_sags/GCA_902552805_1_AG_903_O08.db
GCA_902573235_1_AG_422_J03	/tank/kfreel_data/SAR11_genomes/Freel_manu_SAR11/preprint/data/01_CONTIGS/02_CONTIGS_sags/GCA_902573235_1_AG_422_J03.db
GCA_902583295_1_AG_430_K19	/tank/kfreel_data/SAR11_genomes/Freel_manu_SAR11/preprint/data/01_CONTIGS/02_CONTIGS_sags/GCA_902583295_1_AG_430_K19.db
GCA_902596495_1_AG_916_A21	/tank/kfreel_data/SAR11_genomes/Freel_manu_SAR11/preprint/data/01_CONTIGS/02_CONTIGS_sags/GCA_902596495_1_AG_916_A21.db
GCA_902627735_1_AH_321_L23	/tank/kfreel_data/SAR11_genomes/Freel_manu_SAR11/preprint/data/01_CONTIGS/02_CONTIGS_sags/GCA_902627735_1_AH_321_L23.db
GCA_902622795_1_AG_893_L06	/tank/kfreel_data/SAR11_genomes/Freel_manu_SAR11/preprint/data/01_CONTIGS/02_CONTIGS_sags/GCA_902622795_1_AG_893_L06.db
GCA_902626575_1_AH_321_D13	/tank/kfreel_data/SAR11_genomes/Freel_manu_SAR11/preprint/data/01_CONTIGS/02_CONTIGS_sags/GCA_902626575_1_AH_321_D13.db
GCA_902620465_1_AG_920_L03	/tank/kfreel_data/SAR11_genomes/Freel_manu_SAR11/preprint/data/01_CONTIGS/02_CONTIGS_sags/GCA_902620465_1_AG_920_L03.db
GCA_902577995_1_AG_911_B04	/tank/kfreel_data/SAR11_genomes/Freel_manu_SAR11/preprint/data/01_CONTIGS/02_CONTIGS_sags/GCA_902577995_1_AG_911_B04.db
GCA_902575095_1_AG_910_G11	/tank/kfreel_data/SAR11_genomes/Freel_manu_SAR11/preprint/data/01_CONTIGS/02_CONTIGS_sags/GCA_902575095_1_AG_910_G11.db
GCA_902582165_1_AG_912_D17	/tank/kfreel_data/SAR11_genomes/Freel_manu_SAR11/preprint/data/01_CONTIGS/02_CONTIGS_sags/GCA_902582165_1_AG_912_D17.db
GCA_902614835_1_AG_919_C22	/tank/kfreel_data/SAR11_genomes/Freel_manu_SAR11/preprint/data/01_CONTIGS/02_CONTIGS_sags/GCA_902614835_1_AG_919_C22.db
GCA_902632445_1_AH_326_M23	/tank/kfreel_data/SAR11_genomes/Freel_manu_SAR11/preprint/data/01_CONTIGS/02_CONTIGS_sags/GCA_902632445_1_AH_326_M23.db
GCA_902520695_1_AG_894_L17	/tank/kfreel_data/SAR11_genomes/Freel_manu_SAR11/preprint/data/01_CONTIGS/02_CONTIGS_sags/GCA_902520695_1_AG_894_L17.db
GCA_902623495_1_AG_893_N07	/tank/kfreel_data/SAR11_genomes/Freel_manu_SAR11/preprint/data/01_CONTIGS/02_CONTIGS_sags/GCA_902623495_1_AG_893_N07.db
GCA_902537055_1_AG_899_A06	/tank/kfreel_data/SAR11_genomes/Freel_manu_SAR11/preprint/data/01_CONTIGS/02_CONTIGS_sags/GCA_902537055_1_AG_899_A06.db
GCA_902524595_1_AG_337_D16	/tank/kfreel_data/SAR11_genomes/Freel_manu_SAR11/preprint/data/01_CONTIGS/02_CONTIGS_sags/GCA_902524595_1_AG_337_D16.db
GCA_902522115_1_AG_894_P23	/tank/kfreel_data/SAR11_genomes/Freel_manu_SAR11/preprint/data/01_CONTIGS/02_CONTIGS_sags/GCA_902522115_1_AG_894_P23.db
GCA_902602265_1_AG_917_I17	/tank/kfreel_data/SAR11_genomes/Freel_manu_SAR11/preprint/data/01_CONTIGS/02_CONTIGS_sags/GCA_902602265_1_AG_917_I17.db
GCA_902623855_1_AG_893_O16	/tank/kfreel_data/SAR11_genomes/Freel_manu_SAR11/preprint/data/01_CONTIGS/02_CONTIGS_sags/GCA_902623855_1_AG_893_O16.db
GCA_902624045_1_AH_287_E09	/tank/kfreel_data/SAR11_genomes/Freel_manu_SAR11/preprint/data/01_CONTIGS/02_CONTIGS_sags/GCA_902624045_1_AH_287_E09.db
GCA_902545635_1_AG_901_A07	/tank/kfreel_data/SAR11_genomes/Freel_manu_SAR11/preprint/data/01_CONTIGS/02_CONTIGS_sags/GCA_902545635_1_AG_901_A07.db
GCA_902557265_1_AG_390_I15	/tank/kfreel_data/SAR11_genomes/Freel_manu_SAR11/preprint/data/01_CONTIGS/02_CONTIGS_sags/GCA_902557265_1_AG_390_I15.db
GCA_902561665_1_AG_907_C04	/tank/kfreel_data/SAR11_genomes/Freel_manu_SAR11/preprint/data/01_CONTIGS/02_CONTIGS_sags/GCA_902561665_1_AG_907_C04.db
GCA_902595885_1_AG_447_O14	/tank/kfreel_data/SAR11_genomes/Freel_manu_SAR11/preprint/data/01_CONTIGS/02_CONTIGS_sags/GCA_902595885_1_AG_447_O14.db
GCA_902524115_1_AG_337_C14	/tank/kfreel_data/SAR11_genomes/Freel_manu_SAR11/preprint/data/01_CONTIGS/02_CONTIGS_sags/GCA_902524115_1_AG_337_C14.db
GCA_902592445_1_AG_914_P22	/tank/kfreel_data/SAR11_genomes/Freel_manu_SAR11/preprint/data/01_CONTIGS/02_CONTIGS_sags/GCA_902592445_1_AG_914_P22.db
GCA_902599105_1_AG_916_M13	/tank/kfreel_data/SAR11_genomes/Freel_manu_SAR11/preprint/data/01_CONTIGS/02_CONTIGS_sags/GCA_902599105_1_AG_916_M13.db
GCA_902526815_1_AG_896_D15	/tank/kfreel_data/SAR11_genomes/Freel_manu_SAR11/preprint/data/01_CONTIGS/02_CONTIGS_sags/GCA_902526815_1_AG_896_D15.db
GCA_902551955_1_AG_903_K22	/tank/kfreel_data/SAR11_genomes/Freel_manu_SAR11/preprint/data/01_CONTIGS/02_CONTIGS_sags/GCA_902551955_1_AG_903_K22.db
GCA_902567075_1_AG_908_F20	/tank/kfreel_data/SAR11_genomes/Freel_manu_SAR11/preprint/data/01_CONTIGS/02_CONTIGS_sags/GCA_902567075_1_AG_908_F20.db
GCA_902520335_1_AG_894_K14	/tank/kfreel_data/SAR11_genomes/Freel_manu_SAR11/preprint/data/01_CONTIGS/02_CONTIGS_sags/GCA_902520335_1_AG_894_K14.db
GCA_902517495_1_AG_325_P23	/tank/kfreel_data/SAR11_genomes/Freel_manu_SAR11/preprint/data/01_CONTIGS/02_CONTIGS_sags/GCA_902517495_1_AG_325_P23.db
GCA_902634485_1_AG_439_C22	/tank/kfreel_data/SAR11_genomes/Freel_manu_SAR11/preprint/data/01_CONTIGS/02_CONTIGS_sags/GCA_902634485_1_AG_439_C22.db
GCA_902567405_1_AG_908_I10	/tank/kfreel_data/SAR11_genomes/Freel_manu_SAR11/preprint/data/01_CONTIGS/02_CONTIGS_sags/GCA_902567405_1_AG_908_I10.db
GCA_902621225_1_AG_920_O11	/tank/kfreel_data/SAR11_genomes/Freel_manu_SAR11/preprint/data/01_CONTIGS/02_CONTIGS_sags/GCA_902621225_1_AG_920_O11.db
GCA_902571375_1_AG_422_C13	/tank/kfreel_data/SAR11_genomes/Freel_manu_SAR11/preprint/data/01_CONTIGS/02_CONTIGS_sags/GCA_902571375_1_AG_422_C13.db
GCA_902578255_1_AG_911_D18	/tank/kfreel_data/SAR11_genomes/Freel_manu_SAR11/preprint/data/01_CONTIGS/02_CONTIGS_sags/GCA_902578255_1_AG_911_D18.db
GCA_902515205_1_AG_325_D10	/tank/kfreel_data/SAR11_genomes/Freel_manu_SAR11/preprint/data/01_CONTIGS/02_CONTIGS_sags/GCA_902515205_1_AG_325_D10.db
GCA_902618855_1_AG_892_L05	/tank/kfreel_data/SAR11_genomes/Freel_manu_SAR11/preprint/data/01_CONTIGS/02_CONTIGS_sags/GCA_902618855_1_AG_892_L05.db
GCA_902611815_1_AG_918_E06	/tank/kfreel_data/SAR11_genomes/Freel_manu_SAR11/preprint/data/01_CONTIGS/02_CONTIGS_sags/GCA_902611815_1_AG_918_E06.db
GCA_902533775_1_AG_898_D09	/tank/kfreel_data/SAR11_genomes/Freel_manu_SAR11/preprint/data/01_CONTIGS/02_CONTIGS_sags/GCA_902533775_1_AG_898_D09.db
GCA_902636025_1_AG_916_B11	/tank/kfreel_data/SAR11_genomes/Freel_manu_SAR11/preprint/data/01_CONTIGS/02_CONTIGS_sags/GCA_902636025_1_AG_916_B11.db
GCA_902558755_1_AG_390_M15	/tank/kfreel_data/SAR11_genomes/Freel_manu_SAR11/preprint/data/01_CONTIGS/02_CONTIGS_sags/GCA_902558755_1_AG_390_M15.db
GCA_902616675_1_AG_919_K20	/tank/kfreel_data/SAR11_genomes/Freel_manu_SAR11/preprint/data/01_CONTIGS/02_CONTIGS_sags/GCA_902616675_1_AG_919_K20.db
GCA_902530635_1_AG_343_E17	/tank/kfreel_data/SAR11_genomes/Freel_manu_SAR11/preprint/data/01_CONTIGS/02_CONTIGS_sags/GCA_902530635_1_AG_343_E17.db
GCA_902523185_1_AG_895_E15	/tank/kfreel_data/SAR11_genomes/Freel_manu_SAR11/preprint/data/01_CONTIGS/02_CONTIGS_sags/GCA_902523185_1_AG_895_E15.db
GCA_902591045_1_AG_439_O05	/tank/kfreel_data/SAR11_genomes/Freel_manu_SAR11/preprint/data/01_CONTIGS/02_CONTIGS_sags/GCA_902591045_1_AG_439_O05.db
GCA_902619675_1_AG_920_I07	/tank/kfreel_data/SAR11_genomes/Freel_manu_SAR11/preprint/data/01_CONTIGS/02_CONTIGS_sags/GCA_902619675_1_AG_920_I07.db
GCA_902535255_1_AG_349_C11	/tank/kfreel_data/SAR11_genomes/Freel_manu_SAR11/preprint/data/01_CONTIGS/02_CONTIGS_sags/GCA_902535255_1_AG_349_C11.db
GCA_902570375_1_AG_414_P09	/tank/kfreel_data/SAR11_genomes/Freel_manu_SAR11/preprint/data/01_CONTIGS/02_CONTIGS_sags/GCA_902570375_1_AG_414_P09.db
GCA_902555275_1_AG_904_G21	/tank/kfreel_data/SAR11_genomes/Freel_manu_SAR11/preprint/data/01_CONTIGS/02_CONTIGS_sags/GCA_902555275_1_AG_904_G21.db
GCA_902594715_1_AG_447_K11	/tank/kfreel_data/SAR11_genomes/Freel_manu_SAR11/preprint/data/01_CONTIGS/02_CONTIGS_sags/GCA_902594715_1_AG_447_K11.db
GCA_902623075_1_AH_287_B07	/tank/kfreel_data/SAR11_genomes/Freel_manu_SAR11/preprint/data/01_CONTIGS/02_CONTIGS_sags/GCA_902623075_1_AH_287_B07.db
GCA_902589395_1_AG_439_G13	/tank/kfreel_data/SAR11_genomes/Freel_manu_SAR11/preprint/data/01_CONTIGS/02_CONTIGS_sags/GCA_902589395_1_AG_439_G13.db
GCA_902614055_1_AG_918_P10	/tank/kfreel_data/SAR11_genomes/Freel_manu_SAR11/preprint/data/01_CONTIGS/02_CONTIGS_sags/GCA_902614055_1_AG_918_P10.db
GCA_902611265_1_AG_918_B06	/tank/kfreel_data/SAR11_genomes/Freel_manu_SAR11/preprint/data/01_CONTIGS/02_CONTIGS_sags/GCA_902611265_1_AG_918_B06.db
GCA_902534735_1_AG_898_G21	/tank/kfreel_data/SAR11_genomes/Freel_manu_SAR11/preprint/data/01_CONTIGS/02_CONTIGS_sags/GCA_902534735_1_AG_898_G21.db
GCA_902543175_1_AG_359_O11	/tank/kfreel_data/SAR11_genomes/Freel_manu_SAR11/preprint/data/01_CONTIGS/02_CONTIGS_sags/GCA_902543175_1_AG_359_O11.db
GCA_902533445_1_AG_898_C07	/tank/kfreel_data/SAR11_genomes/Freel_manu_SAR11/preprint/data/01_CONTIGS/02_CONTIGS_sags/GCA_902533445_1_AG_898_C07.db
GCA_902567545_1_AG_908_I21	/tank/kfreel_data/SAR11_genomes/Freel_manu_SAR11/preprint/data/01_CONTIGS/02_CONTIGS_sags/GCA_902567545_1_AG_908_I21.db
GCA_902540355_1_AG_899_M19	/tank/kfreel_data/SAR11_genomes/Freel_manu_SAR11/preprint/data/01_CONTIGS/02_CONTIGS_sags/GCA_902540355_1_AG_899_M19.db
GCA_902619925_1_AG_920_I23	/tank/kfreel_data/SAR11_genomes/Freel_manu_SAR11/preprint/data/01_CONTIGS/02_CONTIGS_sags/GCA_902619925_1_AG_920_I23.db
GCA_902565935_1_AG_410_K05	/tank/kfreel_data/SAR11_genomes/Freel_manu_SAR11/preprint/data/01_CONTIGS/02_CONTIGS_sags/GCA_902565935_1_AG_410_K05.db
GCA_902584995_1_AG_912_M06	/tank/kfreel_data/SAR11_genomes/Freel_manu_SAR11/preprint/data/01_CONTIGS/02_CONTIGS_sags/GCA_902584995_1_AG_912_M06.db
GCA_902564385_1_AG_907_M07	/tank/kfreel_data/SAR11_genomes/Freel_manu_SAR11/preprint/data/01_CONTIGS/02_CONTIGS_sags/GCA_902564385_1_AG_907_M07.db
GCA_902629585_1_AH_324_K11	/tank/kfreel_data/SAR11_genomes/Freel_manu_SAR11/preprint/data/01_CONTIGS/02_CONTIGS_sags/GCA_902629585_1_AH_324_K11.db
GCA_902544675_1_AG_900_M23	/tank/kfreel_data/SAR11_genomes/Freel_manu_SAR11/preprint/data/01_CONTIGS/02_CONTIGS_sags/GCA_902544675_1_AG_900_M23.db
GCA_902525935_1_AG_337_I10	/tank/kfreel_data/SAR11_genomes/Freel_manu_SAR11/preprint/data/01_CONTIGS/02_CONTIGS_sags/GCA_902525935_1_AG_337_I10.db
GCA_902524545_1_AG_337_D17	/tank/kfreel_data/SAR11_genomes/Freel_manu_SAR11/preprint/data/01_CONTIGS/02_CONTIGS_sags/GCA_902524545_1_AG_337_D17.db
GCA_902516465_1_AG_325_L02	/tank/kfreel_data/SAR11_genomes/Freel_manu_SAR11/preprint/data/01_CONTIGS/02_CONTIGS_sags/GCA_902516465_1_AG_325_L02.db
GCA_902536805_1_AG_898_P13	/tank/kfreel_data/SAR11_genomes/Freel_manu_SAR11/preprint/data/01_CONTIGS/02_CONTIGS_sags/GCA_902536805_1_AG_898_P13.db
GCA_902625035_1_AH_287_J18	/tank/kfreel_data/SAR11_genomes/Freel_manu_SAR11/preprint/data/01_CONTIGS/02_CONTIGS_sags/GCA_902625035_1_AH_287_J18.db
GCA_902591755_1_AG_914_M14	/tank/kfreel_data/SAR11_genomes/Freel_manu_SAR11/preprint/data/01_CONTIGS/02_CONTIGS_sags/GCA_902591755_1_AG_914_M14.db
GCA_902519945_1_AG_894_I19	/tank/kfreel_data/SAR11_genomes/Freel_manu_SAR11/preprint/data/01_CONTIGS/02_CONTIGS_sags/GCA_902519945_1_AG_894_I19.db
GCA_902628495_1_AH_324_B10	/tank/kfreel_data/SAR11_genomes/Freel_manu_SAR11/preprint/data/01_CONTIGS/02_CONTIGS_sags/GCA_902628495_1_AH_324_B10.db
GCA_902575785_1_AG_426_B11	/tank/kfreel_data/SAR11_genomes/Freel_manu_SAR11/preprint/data/01_CONTIGS/02_CONTIGS_sags/GCA_902575785_1_AG_426_B11.db
GCA_902586125_1_AG_913_B21	/tank/kfreel_data/SAR11_genomes/Freel_manu_SAR11/preprint/data/01_CONTIGS/02_CONTIGS_sags/GCA_902586125_1_AG_913_B21.db
GCA_902532195_1_AG_343_K02	/tank/kfreel_data/SAR11_genomes/Freel_manu_SAR11/preprint/data/01_CONTIGS/02_CONTIGS_sags/GCA_902532195_1_AG_343_K02.db
GCA_902582385_1_AG_430_J07	/tank/kfreel_data/SAR11_genomes/Freel_manu_SAR11/preprint/data/01_CONTIGS/02_CONTIGS_sags/GCA_902582385_1_AG_430_J07.db
GCA_902599125_1_AG_916_M11	/tank/kfreel_data/SAR11_genomes/Freel_manu_SAR11/preprint/data/01_CONTIGS/02_CONTIGS_sags/GCA_902599125_1_AG_916_M11.db
GCA_902618455_1_AG_920_C09	/tank/kfreel_data/SAR11_genomes/Freel_manu_SAR11/preprint/data/01_CONTIGS/02_CONTIGS_sags/GCA_902618455_1_AG_920_C09.db
GCA_902623395_1_AH_287_C13	/tank/kfreel_data/SAR11_genomes/Freel_manu_SAR11/preprint/data/01_CONTIGS/02_CONTIGS_sags/GCA_902623395_1_AH_287_C13.db
GCA_902572345_1_AG_422_F15	/tank/kfreel_data/SAR11_genomes/Freel_manu_SAR11/preprint/data/01_CONTIGS/02_CONTIGS_sags/GCA_902572345_1_AG_422_F15.db
GCA_902572605_1_AG_909_N22	/tank/kfreel_data/SAR11_genomes/Freel_manu_SAR11/preprint/data/01_CONTIGS/02_CONTIGS_sags/GCA_902572605_1_AG_909_N22.db
GCA_902552345_1_AG_903_M21	/tank/kfreel_data/SAR11_genomes/Freel_manu_SAR11/preprint/data/01_CONTIGS/02_CONTIGS_sags/GCA_902552345_1_AG_903_M21.db
GCA_902567495_1_AG_414_B15	/tank/kfreel_data/SAR11_genomes/Freel_manu_SAR11/preprint/data/01_CONTIGS/02_CONTIGS_sags/GCA_902567495_1_AG_414_B15.db
GCA_902557775_1_AG_905_B19	/tank/kfreel_data/SAR11_genomes/Freel_manu_SAR11/preprint/data/01_CONTIGS/02_CONTIGS_sags/GCA_902557775_1_AG_905_B19.db
GCA_902576735_1_AG_910_M21	/tank/kfreel_data/SAR11_genomes/Freel_manu_SAR11/preprint/data/01_CONTIGS/02_CONTIGS_sags/GCA_902576735_1_AG_910_M21.db
GCA_902598735_1_AG_916_L09	/tank/kfreel_data/SAR11_genomes/Freel_manu_SAR11/preprint/data/01_CONTIGS/02_CONTIGS_sags/GCA_902598735_1_AG_916_L09.db
GCA_902537285_1_AG_899_B09	/tank/kfreel_data/SAR11_genomes/Freel_manu_SAR11/preprint/data/01_CONTIGS/02_CONTIGS_sags/GCA_902537285_1_AG_899_B09.db
GCA_902566215_1_AG_908_C17	/tank/kfreel_data/SAR11_genomes/Freel_manu_SAR11/preprint/data/01_CONTIGS/02_CONTIGS_sags/GCA_902566215_1_AG_908_C17.db
GCA_902549935_1_AG_903_C11	/tank/kfreel_data/SAR11_genomes/Freel_manu_SAR11/preprint/data/01_CONTIGS/02_CONTIGS_sags/GCA_902549935_1_AG_903_C11.db
GCA_902593445_1_AG_447_E19	/tank/kfreel_data/SAR11_genomes/Freel_manu_SAR11/preprint/data/01_CONTIGS/02_CONTIGS_sags/GCA_902593445_1_AG_447_E19.db
GCA_902585595_1_AG_913_A04	/tank/kfreel_data/SAR11_genomes/Freel_manu_SAR11/preprint/data/01_CONTIGS/02_CONTIGS_sags/GCA_902585595_1_AG_913_A04.db
GCA_902604525_1_AG_461_B13	/tank/kfreel_data/SAR11_genomes/Freel_manu_SAR11/preprint/data/01_CONTIGS/02_CONTIGS_sags/GCA_902604525_1_AG_461_B13.db
GCA_902610315_1_AG_917_M15	/tank/kfreel_data/SAR11_genomes/Freel_manu_SAR11/preprint/data/01_CONTIGS/02_CONTIGS_sags/GCA_902610315_1_AG_917_M15.db
GCA_902627565_1_AH_321_K15	/tank/kfreel_data/SAR11_genomes/Freel_manu_SAR11/preprint/data/01_CONTIGS/02_CONTIGS_sags/GCA_902627565_1_AH_321_K15.db
GCA_902542605_1_AG_900_E18	/tank/kfreel_data/SAR11_genomes/Freel_manu_SAR11/preprint/data/01_CONTIGS/02_CONTIGS_sags/GCA_902542605_1_AG_900_E18.db
GCA_902597895_1_AG_916_I17	/tank/kfreel_data/SAR11_genomes/Freel_manu_SAR11/preprint/data/01_CONTIGS/02_CONTIGS_sags/GCA_902597895_1_AG_916_I17.db
GCA_902538525_1_AG_899_G03	/tank/kfreel_data/SAR11_genomes/Freel_manu_SAR11/preprint/data/01_CONTIGS/02_CONTIGS_sags/GCA_902538525_1_AG_899_G03.db
GCA_902583455_1_AG_912_F23	/tank/kfreel_data/SAR11_genomes/Freel_manu_SAR11/preprint/data/01_CONTIGS/02_CONTIGS_sags/GCA_902583455_1_AG_912_F23.db
GCA_902598125_1_AG_453_G04	/tank/kfreel_data/SAR11_genomes/Freel_manu_SAR11/preprint/data/01_CONTIGS/02_CONTIGS_sags/GCA_902598125_1_AG_453_G04.db
GCA_902536385_1_AG_349_F22	/tank/kfreel_data/SAR11_genomes/Freel_manu_SAR11/preprint/data/01_CONTIGS/02_CONTIGS_sags/GCA_902536385_1_AG_349_F22.db
GCA_902567685_1_AG_414_D07	/tank/kfreel_data/SAR11_genomes/Freel_manu_SAR11/preprint/data/01_CONTIGS/02_CONTIGS_sags/GCA_902567685_1_AG_414_D07.db
GCA_902582345_1_AG_430_G14	/tank/kfreel_data/SAR11_genomes/Freel_manu_SAR11/preprint/data/01_CONTIGS/02_CONTIGS_sags/GCA_902582345_1_AG_430_G14.db
GCA_902583585_1_AG_912_J06	/tank/kfreel_data/SAR11_genomes/Freel_manu_SAR11/preprint/data/01_CONTIGS/02_CONTIGS_sags/GCA_902583585_1_AG_912_J06.db
GCA_902623245_1_AG_893_M22	/tank/kfreel_data/SAR11_genomes/Freel_manu_SAR11/preprint/data/01_CONTIGS/02_CONTIGS_sags/GCA_902623245_1_AG_893_M22.db
GCA_902568145_1_AG_908_L09	/tank/kfreel_data/SAR11_genomes/Freel_manu_SAR11/preprint/data/01_CONTIGS/02_CONTIGS_sags/GCA_902568145_1_AG_908_L09.db
GCA_902570125_1_AG_414_O09	/tank/kfreel_data/SAR11_genomes/Freel_manu_SAR11/preprint/data/01_CONTIGS/02_CONTIGS_sags/GCA_902570125_1_AG_414_O09.db
GCA_902581585_1_AG_911_J19	/tank/kfreel_data/SAR11_genomes/Freel_manu_SAR11/preprint/data/01_CONTIGS/02_CONTIGS_sags/GCA_902581585_1_AG_911_J19.db
GCA_902562645_1_AG_907_F09	/tank/kfreel_data/SAR11_genomes/Freel_manu_SAR11/preprint/data/01_CONTIGS/02_CONTIGS_sags/GCA_902562645_1_AG_907_F09.db
GCA_902599665_1_AG_916_O20	/tank/kfreel_data/SAR11_genomes/Freel_manu_SAR11/preprint/data/01_CONTIGS/02_CONTIGS_sags/GCA_902599665_1_AG_916_O20.db
GCA_902582315_1_AG_430_I18	/tank/kfreel_data/SAR11_genomes/Freel_manu_SAR11/preprint/data/01_CONTIGS/02_CONTIGS_sags/GCA_902582315_1_AG_430_I18.db
GCA_902571135_1_AG_422_B22	/tank/kfreel_data/SAR11_genomes/Freel_manu_SAR11/preprint/data/01_CONTIGS/02_CONTIGS_sags/GCA_902571135_1_AG_422_B22.db
GCA_902549945_1_AG_903_D02	/tank/kfreel_data/SAR11_genomes/Freel_manu_SAR11/preprint/data/01_CONTIGS/02_CONTIGS_sags/GCA_902549945_1_AG_903_D02.db
GCA_902592985_1_AG_447_E07	/tank/kfreel_data/SAR11_genomes/Freel_manu_SAR11/preprint/data/01_CONTIGS/02_CONTIGS_sags/GCA_902592985_1_AG_447_E07.db
GCA_902555945_1_AG_390_E04	/tank/kfreel_data/SAR11_genomes/Freel_manu_SAR11/preprint/data/01_CONTIGS/02_CONTIGS_sags/GCA_902555945_1_AG_390_E04.db
GCA_902567235_1_AG_414_B08	/tank/kfreel_data/SAR11_genomes/Freel_manu_SAR11/preprint/data/01_CONTIGS/02_CONTIGS_sags/GCA_902567235_1_AG_414_B08.db
GCA_902619815_1_AG_920_J04	/tank/kfreel_data/SAR11_genomes/Freel_manu_SAR11/preprint/data/01_CONTIGS/02_CONTIGS_sags/GCA_902619815_1_AG_920_J04.db
GCA_902535235_1_AG_898_J19	/tank/kfreel_data/SAR11_genomes/Freel_manu_SAR11/preprint/data/01_CONTIGS/02_CONTIGS_sags/GCA_902535235_1_AG_898_J19.db
GCA_902582455_1_AG_912_C08	/tank/kfreel_data/SAR11_genomes/Freel_manu_SAR11/preprint/data/01_CONTIGS/02_CONTIGS_sags/GCA_902582455_1_AG_912_C08.db
GCA_902610655_1_AG_470_L20	/tank/kfreel_data/SAR11_genomes/Freel_manu_SAR11/preprint/data/01_CONTIGS/02_CONTIGS_sags/GCA_902610655_1_AG_470_L20.db
GCA_902583645_1_AG_430_N16	/tank/kfreel_data/SAR11_genomes/Freel_manu_SAR11/preprint/data/01_CONTIGS/02_CONTIGS_sags/GCA_902583645_1_AG_430_N16.db
GCA_902555965_1_AG_904_L02	/tank/kfreel_data/SAR11_genomes/Freel_manu_SAR11/preprint/data/01_CONTIGS/02_CONTIGS_sags/GCA_902555965_1_AG_904_L02.db
GCA_902627935_1_AH_321_N11	/tank/kfreel_data/SAR11_genomes/Freel_manu_SAR11/preprint/data/01_CONTIGS/02_CONTIGS_sags/GCA_902627935_1_AH_321_N11.db
GCA_902541315_1_AG_359_G18	/tank/kfreel_data/SAR11_genomes/Freel_manu_SAR11/preprint/data/01_CONTIGS/02_CONTIGS_sags/GCA_902541315_1_AG_359_G18.db
GCA_902623975_1_AG_893_P10	/tank/kfreel_data/SAR11_genomes/Freel_manu_SAR11/preprint/data/01_CONTIGS/02_CONTIGS_sags/GCA_902623975_1_AG_893_P10.db
GCA_902608975_1_AG_470_D16	/tank/kfreel_data/SAR11_genomes/Freel_manu_SAR11/preprint/data/01_CONTIGS/02_CONTIGS_sags/GCA_902608975_1_AG_470_D16.db
GCA_902614355_1_AG_891_L02	/tank/kfreel_data/SAR11_genomes/Freel_manu_SAR11/preprint/data/01_CONTIGS/02_CONTIGS_sags/GCA_902614355_1_AG_891_L02.db
GCA_902588835_1_AG_914_A09	/tank/kfreel_data/SAR11_genomes/Freel_manu_SAR11/preprint/data/01_CONTIGS/02_CONTIGS_sags/GCA_902588835_1_AG_914_A09.db
GCA_902535465_1_AG_349_D08	/tank/kfreel_data/SAR11_genomes/Freel_manu_SAR11/preprint/data/01_CONTIGS/02_CONTIGS_sags/GCA_902535465_1_AG_349_D08.db
GCA_902594705_1_AG_915_G14	/tank/kfreel_data/SAR11_genomes/Freel_manu_SAR11/preprint/data/01_CONTIGS/02_CONTIGS_sags/GCA_902594705_1_AG_915_G14.db
GCA_902629285_1_AH_324_J07	/tank/kfreel_data/SAR11_genomes/Freel_manu_SAR11/preprint/data/01_CONTIGS/02_CONTIGS_sags/GCA_902629285_1_AH_324_J07.db
GCA_902529645_1_AG_896_O18	/tank/kfreel_data/SAR11_genomes/Freel_manu_SAR11/preprint/data/01_CONTIGS/02_CONTIGS_sags/GCA_902529645_1_AG_896_O18.db
GCA_902597335_1_AG_916_G09	/tank/kfreel_data/SAR11_genomes/Freel_manu_SAR11/preprint/data/01_CONTIGS/02_CONTIGS_sags/GCA_902597335_1_AG_916_G09.db
GCA_902596975_1_AG_916_E19	/tank/kfreel_data/SAR11_genomes/Freel_manu_SAR11/preprint/data/01_CONTIGS/02_CONTIGS_sags/GCA_902596975_1_AG_916_E19.db
GCA_902594675_1_AG_915_G13	/tank/kfreel_data/SAR11_genomes/Freel_manu_SAR11/preprint/data/01_CONTIGS/02_CONTIGS_sags/GCA_902594675_1_AG_915_G13.db
GCA_902519165_1_AG_894_F15	/tank/kfreel_data/SAR11_genomes/Freel_manu_SAR11/preprint/data/01_CONTIGS/02_CONTIGS_sags/GCA_902519165_1_AG_894_F15.db
GCA_902611405_1_AG_891_A05	/tank/kfreel_data/SAR11_genomes/Freel_manu_SAR11/preprint/data/01_CONTIGS/02_CONTIGS_sags/GCA_902611405_1_AG_891_A05.db
GCA_902560585_1_AG_905_O08	/tank/kfreel_data/SAR11_genomes/Freel_manu_SAR11/preprint/data/01_CONTIGS/02_CONTIGS_sags/GCA_902560585_1_AG_905_O08.db
GCA_902601315_1_AG_917_E05	/tank/kfreel_data/SAR11_genomes/Freel_manu_SAR11/preprint/data/01_CONTIGS/02_CONTIGS_sags/GCA_902601315_1_AG_917_E05.db
GCA_902519015_1_AG_894_E10	/tank/kfreel_data/SAR11_genomes/Freel_manu_SAR11/preprint/data/01_CONTIGS/02_CONTIGS_sags/GCA_902519015_1_AG_894_E10.db
GCA_902589725_1_AG_914_B14	/tank/kfreel_data/SAR11_genomes/Freel_manu_SAR11/preprint/data/01_CONTIGS/02_CONTIGS_sags/GCA_902589725_1_AG_914_B14.db
GCA_902521615_1_AG_894_O09	/tank/kfreel_data/SAR11_genomes/Freel_manu_SAR11/preprint/data/01_CONTIGS/02_CONTIGS_sags/GCA_902521615_1_AG_894_O09.db
GCA_902589455_1_AG_439_D05	/tank/kfreel_data/SAR11_genomes/Freel_manu_SAR11/preprint/data/01_CONTIGS/02_CONTIGS_sags/GCA_902589455_1_AG_439_D05.db
GCA_902532525_1_AG_897_O16	/tank/kfreel_data/SAR11_genomes/Freel_manu_SAR11/preprint/data/01_CONTIGS/02_CONTIGS_sags/GCA_902532525_1_AG_897_O16.db
GCA_902580275_1_AG_911_N14	/tank/kfreel_data/SAR11_genomes/Freel_manu_SAR11/preprint/data/01_CONTIGS/02_CONTIGS_sags/GCA_902580275_1_AG_911_N14.db
GCA_902583135_1_AG_912_F16	/tank/kfreel_data/SAR11_genomes/Freel_manu_SAR11/preprint/data/01_CONTIGS/02_CONTIGS_sags/GCA_902583135_1_AG_912_F16.db
GCA_902536765_1_AG_349_I05	/tank/kfreel_data/SAR11_genomes/Freel_manu_SAR11/preprint/data/01_CONTIGS/02_CONTIGS_sags/GCA_902536765_1_AG_349_I05.db
GCA_902599515_1_AG_916_M15	/tank/kfreel_data/SAR11_genomes/Freel_manu_SAR11/preprint/data/01_CONTIGS/02_CONTIGS_sags/GCA_902599515_1_AG_916_M15.db
GCA_902540815_1_AG_359_F04	/tank/kfreel_data/SAR11_genomes/Freel_manu_SAR11/preprint/data/01_CONTIGS/02_CONTIGS_sags/GCA_902540815_1_AG_359_F04.db
GCA_902634455_1_AG_439_I19	/tank/kfreel_data/SAR11_genomes/Freel_manu_SAR11/preprint/data/01_CONTIGS/02_CONTIGS_sags/GCA_902634455_1_AG_439_I19.db
GCA_902558835_1_AG_390_M14	/tank/kfreel_data/SAR11_genomes/Freel_manu_SAR11/preprint/data/01_CONTIGS/02_CONTIGS_sags/GCA_902558835_1_AG_390_M14.db
GCA_902599625_1_AG_916_O13	/tank/kfreel_data/SAR11_genomes/Freel_manu_SAR11/preprint/data/01_CONTIGS/02_CONTIGS_sags/GCA_902599625_1_AG_916_O13.db
GCA_902550615_1_AG_903_F09	/tank/kfreel_data/SAR11_genomes/Freel_manu_SAR11/preprint/data/01_CONTIGS/02_CONTIGS_sags/GCA_902550615_1_AG_903_F09.db
GCA_902551755_1_AG_903_K07	/tank/kfreel_data/SAR11_genomes/Freel_manu_SAR11/preprint/data/01_CONTIGS/02_CONTIGS_sags/GCA_902551755_1_AG_903_K07.db
GCA_902555665_1_AG_390_D05	/tank/kfreel_data/SAR11_genomes/Freel_manu_SAR11/preprint/data/01_CONTIGS/02_CONTIGS_sags/GCA_902555665_1_AG_390_D05.db
GCA_902629575_1_AH_324_K07	/tank/kfreel_data/SAR11_genomes/Freel_manu_SAR11/preprint/data/01_CONTIGS/02_CONTIGS_sags/GCA_902629575_1_AH_324_K07.db
GCA_902617625_1_AG_919_O02	/tank/kfreel_data/SAR11_genomes/Freel_manu_SAR11/preprint/data/01_CONTIGS/02_CONTIGS_sags/GCA_902617625_1_AG_919_O02.db
GCA_902547585_1_AG_901_I21	/tank/kfreel_data/SAR11_genomes/Freel_manu_SAR11/preprint/data/01_CONTIGS/02_CONTIGS_sags/GCA_902547585_1_AG_901_I21.db
GCA_902580895_1_AG_911_G06	/tank/kfreel_data/SAR11_genomes/Freel_manu_SAR11/preprint/data/01_CONTIGS/02_CONTIGS_sags/GCA_902580895_1_AG_911_G06.db
GCA_902609855_1_AG_917_K20	/tank/kfreel_data/SAR11_genomes/Freel_manu_SAR11/preprint/data/01_CONTIGS/02_CONTIGS_sags/GCA_902609855_1_AG_917_K20.db
GCA_902620585_1_AG_920_L18	/tank/kfreel_data/SAR11_genomes/Freel_manu_SAR11/preprint/data/01_CONTIGS/02_CONTIGS_sags/GCA_902620585_1_AG_920_L18.db
GCA_902582155_1_AG_912_D10	/tank/kfreel_data/SAR11_genomes/Freel_manu_SAR11/preprint/data/01_CONTIGS/02_CONTIGS_sags/GCA_902582155_1_AG_912_D10.db
GCA_902613065_1_AG_918_K13	/tank/kfreel_data/SAR11_genomes/Freel_manu_SAR11/preprint/data/01_CONTIGS/02_CONTIGS_sags/GCA_902613065_1_AG_918_K13.db
GCA_902579105_1_AG_430_A11	/tank/kfreel_data/SAR11_genomes/Freel_manu_SAR11/preprint/data/01_CONTIGS/02_CONTIGS_sags/GCA_902579105_1_AG_430_A11.db
GCA_902539165_1_AG_899_J02	/tank/kfreel_data/SAR11_genomes/Freel_manu_SAR11/preprint/data/01_CONTIGS/02_CONTIGS_sags/GCA_902539165_1_AG_899_J02.db
GCA_902613205_1_AG_918_L07	/tank/kfreel_data/SAR11_genomes/Freel_manu_SAR11/preprint/data/01_CONTIGS/02_CONTIGS_sags/GCA_902613205_1_AG_918_L07.db
GCA_902613405_1_AG_918_L21	/tank/kfreel_data/SAR11_genomes/Freel_manu_SAR11/preprint/data/01_CONTIGS/02_CONTIGS_sags/GCA_902613405_1_AG_918_L21.db
GCA_902633195_1_AG_917_P07	/tank/kfreel_data/SAR11_genomes/Freel_manu_SAR11/preprint/data/01_CONTIGS/02_CONTIGS_sags/GCA_902633195_1_AG_917_P07.db
GCA_902577525_1_AG_426_I10	/tank/kfreel_data/SAR11_genomes/Freel_manu_SAR11/preprint/data/01_CONTIGS/02_CONTIGS_sags/GCA_902577525_1_AG_426_I10.db
GCA_902614665_1_AG_919_C02	/tank/kfreel_data/SAR11_genomes/Freel_manu_SAR11/preprint/data/01_CONTIGS/02_CONTIGS_sags/GCA_902614665_1_AG_919_C02.db
GCA_902610355_1_AG_917_M22	/tank/kfreel_data/SAR11_genomes/Freel_manu_SAR11/preprint/data/01_CONTIGS/02_CONTIGS_sags/GCA_902610355_1_AG_917_M22.db
GCA_902566705_1_AG_410_O02	/tank/kfreel_data/SAR11_genomes/Freel_manu_SAR11/preprint/data/01_CONTIGS/02_CONTIGS_sags/GCA_902566705_1_AG_410_O02.db
GCA_902543375_1_AG_359_P18	/tank/kfreel_data/SAR11_genomes/Freel_manu_SAR11/preprint/data/01_CONTIGS/02_CONTIGS_sags/GCA_902543375_1_AG_359_P18.db
GCA_902593845_1_AG_447_F10	/tank/kfreel_data/SAR11_genomes/Freel_manu_SAR11/preprint/data/01_CONTIGS/02_CONTIGS_sags/GCA_902593845_1_AG_447_F10.db
GCA_902594915_1_AG_447_L14	/tank/kfreel_data/SAR11_genomes/Freel_manu_SAR11/preprint/data/01_CONTIGS/02_CONTIGS_sags/GCA_902594915_1_AG_447_L14.db
GCA_902531765_1_AG_897_G15	/tank/kfreel_data/SAR11_genomes/Freel_manu_SAR11/preprint/data/01_CONTIGS/02_CONTIGS_sags/GCA_902531765_1_AG_897_G15.db
GCA_902616645_1_AG_892_C18	/tank/kfreel_data/SAR11_genomes/Freel_manu_SAR11/preprint/data/01_CONTIGS/02_CONTIGS_sags/GCA_902616645_1_AG_892_C18.db
GCA_902606115_1_AG_461_M18	/tank/kfreel_data/SAR11_genomes/Freel_manu_SAR11/preprint/data/01_CONTIGS/02_CONTIGS_sags/GCA_902606115_1_AG_461_M18.db
GCA_902616875_1_AG_919_L14	/tank/kfreel_data/SAR11_genomes/Freel_manu_SAR11/preprint/data/01_CONTIGS/02_CONTIGS_sags/GCA_902616875_1_AG_919_L14.db
GCA_902613545_1_AG_918_M15	/tank/kfreel_data/SAR11_genomes/Freel_manu_SAR11/preprint/data/01_CONTIGS/02_CONTIGS_sags/GCA_902613545_1_AG_918_M15.db
GCA_902624195_1_AH_287_E19	/tank/kfreel_data/SAR11_genomes/Freel_manu_SAR11/preprint/data/01_CONTIGS/02_CONTIGS_sags/GCA_902624195_1_AH_287_E19.db
GCA_902578115_1_AG_426_L15	/tank/kfreel_data/SAR11_genomes/Freel_manu_SAR11/preprint/data/01_CONTIGS/02_CONTIGS_sags/GCA_902578115_1_AG_426_L15.db
GCA_902577075_1_AG_426_F15	/tank/kfreel_data/SAR11_genomes/Freel_manu_SAR11/preprint/data/01_CONTIGS/02_CONTIGS_sags/GCA_902577075_1_AG_426_F15.db
GCA_902622785_1_AG_893_L07	/tank/kfreel_data/SAR11_genomes/Freel_manu_SAR11/preprint/data/01_CONTIGS/02_CONTIGS_sags/GCA_902622785_1_AG_893_L07.db
GCA_902611845_1_AG_918_E02	/tank/kfreel_data/SAR11_genomes/Freel_manu_SAR11/preprint/data/01_CONTIGS/02_CONTIGS_sags/GCA_902611845_1_AG_918_E02.db
GCA_902540275_1_AG_359_D09	/tank/kfreel_data/SAR11_genomes/Freel_manu_SAR11/preprint/data/01_CONTIGS/02_CONTIGS_sags/GCA_902540275_1_AG_359_D09.db
GCA_902615975_1_AG_892_A22	/tank/kfreel_data/SAR11_genomes/Freel_manu_SAR11/preprint/data/01_CONTIGS/02_CONTIGS_sags/GCA_902615975_1_AG_892_A22.db
GCA_902594235_1_AG_447_K09	/tank/kfreel_data/SAR11_genomes/Freel_manu_SAR11/preprint/data/01_CONTIGS/02_CONTIGS_sags/GCA_902594235_1_AG_447_K09.db
GCA_902576375_1_AG_426_D09	/tank/kfreel_data/SAR11_genomes/Freel_manu_SAR11/preprint/data/01_CONTIGS/02_CONTIGS_sags/GCA_902576375_1_AG_426_D09.db
GCA_902625715_1_AH_287_O09	/tank/kfreel_data/SAR11_genomes/Freel_manu_SAR11/preprint/data/01_CONTIGS/02_CONTIGS_sags/GCA_902625715_1_AH_287_O09.db
GCA_902540045_1_AG_359_C09	/tank/kfreel_data/SAR11_genomes/Freel_manu_SAR11/preprint/data/01_CONTIGS/02_CONTIGS_sags/GCA_902540045_1_AG_359_C09.db
GCA_902624315_1_AH_287_G05	/tank/kfreel_data/SAR11_genomes/Freel_manu_SAR11/preprint/data/01_CONTIGS/02_CONTIGS_sags/GCA_902624315_1_AH_287_G05.db
GCA_902571015_1_AG_909_G08	/tank/kfreel_data/SAR11_genomes/Freel_manu_SAR11/preprint/data/01_CONTIGS/02_CONTIGS_sags/GCA_902571015_1_AG_909_G08.db
GCA_902557215_1_AG_905_A07	/tank/kfreel_data/SAR11_genomes/Freel_manu_SAR11/preprint/data/01_CONTIGS/02_CONTIGS_sags/GCA_902557215_1_AG_905_A07.db
GCA_902615445_1_AG_919_F03	/tank/kfreel_data/SAR11_genomes/Freel_manu_SAR11/preprint/data/01_CONTIGS/02_CONTIGS_sags/GCA_902615445_1_AG_919_F03.db
GCA_902528545_1_AG_896_K10	/tank/kfreel_data/SAR11_genomes/Freel_manu_SAR11/preprint/data/01_CONTIGS/02_CONTIGS_sags/GCA_902528545_1_AG_896_K10.db
GCA_902626645_1_AH_321_D17	/tank/kfreel_data/SAR11_genomes/Freel_manu_SAR11/preprint/data/01_CONTIGS/02_CONTIGS_sags/GCA_902626645_1_AH_321_D17.db
GCA_902620685_1_AG_920_L19	/tank/kfreel_data/SAR11_genomes/Freel_manu_SAR11/preprint/data/01_CONTIGS/02_CONTIGS_sags/GCA_902620685_1_AG_920_L19.db
GCA_902515095_1_AG_325_C18	/tank/kfreel_data/SAR11_genomes/Freel_manu_SAR11/preprint/data/01_CONTIGS/02_CONTIGS_sags/GCA_902515095_1_AG_325_C18.db
GCA_902525625_1_AG_337_G11	/tank/kfreel_data/SAR11_genomes/Freel_manu_SAR11/preprint/data/01_CONTIGS/02_CONTIGS_sags/GCA_902525625_1_AG_337_G11.db
GCA_902574695_1_AG_422_N15	/tank/kfreel_data/SAR11_genomes/Freel_manu_SAR11/preprint/data/01_CONTIGS/02_CONTIGS_sags/GCA_902574695_1_AG_422_N15.db
GCA_902590915_1_AG_914_G22	/tank/kfreel_data/SAR11_genomes/Freel_manu_SAR11/preprint/data/01_CONTIGS/02_CONTIGS_sags/GCA_902590915_1_AG_914_G22.db
GCA_902562205_1_AG_907_E04	/tank/kfreel_data/SAR11_genomes/Freel_manu_SAR11/preprint/data/01_CONTIGS/02_CONTIGS_sags/GCA_902562205_1_AG_907_E04.db
GCA_902628195_1_AH_321_P04	/tank/kfreel_data/SAR11_genomes/Freel_manu_SAR11/preprint/data/01_CONTIGS/02_CONTIGS_sags/GCA_902628195_1_AH_321_P04.db
GCA_902615435_1_AG_891_O15	/tank/kfreel_data/SAR11_genomes/Freel_manu_SAR11/preprint/data/01_CONTIGS/02_CONTIGS_sags/GCA_902615435_1_AG_891_O15.db
GCA_902578935_1_AG_426_O05	/tank/kfreel_data/SAR11_genomes/Freel_manu_SAR11/preprint/data/01_CONTIGS/02_CONTIGS_sags/GCA_902578935_1_AG_426_O05.db
GCA_902585045_1_AG_912_P19	/tank/kfreel_data/SAR11_genomes/Freel_manu_SAR11/preprint/data/01_CONTIGS/02_CONTIGS_sags/GCA_902585045_1_AG_912_P19.db
GCA_902633865_1_AG_912_I02	/tank/kfreel_data/SAR11_genomes/Freel_manu_SAR11/preprint/data/01_CONTIGS/02_CONTIGS_sags/GCA_902633865_1_AG_912_I02.db
GCA_902558435_1_AG_905_E11	/tank/kfreel_data/SAR11_genomes/Freel_manu_SAR11/preprint/data/01_CONTIGS/02_CONTIGS_sags/GCA_902558435_1_AG_905_E11.db
GCA_902555435_1_AG_390_C17	/tank/kfreel_data/SAR11_genomes/Freel_manu_SAR11/preprint/data/01_CONTIGS/02_CONTIGS_sags/GCA_902555435_1_AG_390_C17.db
GCA_902599335_1_AG_916_N14	/tank/kfreel_data/SAR11_genomes/Freel_manu_SAR11/preprint/data/01_CONTIGS/02_CONTIGS_sags/GCA_902599335_1_AG_916_N14.db
GCA_902557155_1_AG_390_G23	/tank/kfreel_data/SAR11_genomes/Freel_manu_SAR11/preprint/data/01_CONTIGS/02_CONTIGS_sags/GCA_902557155_1_AG_390_G23.db
GCA_902605865_1_AG_461_L09	/tank/kfreel_data/SAR11_genomes/Freel_manu_SAR11/preprint/data/01_CONTIGS/02_CONTIGS_sags/GCA_902605865_1_AG_461_L09.db
GCA_902612405_1_AG_918_G15	/tank/kfreel_data/SAR11_genomes/Freel_manu_SAR11/preprint/data/01_CONTIGS/02_CONTIGS_sags/GCA_902612405_1_AG_918_G15.db
GCA_902628965_1_AH_324_F03	/tank/kfreel_data/SAR11_genomes/Freel_manu_SAR11/preprint/data/01_CONTIGS/02_CONTIGS_sags/GCA_902628965_1_AH_324_F03.db
GCA_902600795_1_AG_917_C08	/tank/kfreel_data/SAR11_genomes/Freel_manu_SAR11/preprint/data/01_CONTIGS/02_CONTIGS_sags/GCA_902600795_1_AG_917_C08.db
GCA_902523515_1_AG_895_F17	/tank/kfreel_data/SAR11_genomes/Freel_manu_SAR11/preprint/data/01_CONTIGS/02_CONTIGS_sags/GCA_902523515_1_AG_895_F17.db
GCA_902629935_1_AH_324_N03	/tank/kfreel_data/SAR11_genomes/Freel_manu_SAR11/preprint/data/01_CONTIGS/02_CONTIGS_sags/GCA_902629935_1_AH_324_N03.db
GCA_902542915_1_AG_359_M21	/tank/kfreel_data/SAR11_genomes/Freel_manu_SAR11/preprint/data/01_CONTIGS/02_CONTIGS_sags/GCA_902542915_1_AG_359_M21.db
GCA_902540235_1_AG_899_M07	/tank/kfreel_data/SAR11_genomes/Freel_manu_SAR11/preprint/data/01_CONTIGS/02_CONTIGS_sags/GCA_902540235_1_AG_899_M07.db
GCA_902601715_1_AG_917_F16	/tank/kfreel_data/SAR11_genomes/Freel_manu_SAR11/preprint/data/01_CONTIGS/02_CONTIGS_sags/GCA_902601715_1_AG_917_F16.db
GCA_902596925_1_AG_447_P22	/tank/kfreel_data/SAR11_genomes/Freel_manu_SAR11/preprint/data/01_CONTIGS/02_CONTIGS_sags/GCA_902596925_1_AG_447_P22.db
GCA_902524535_1_AG_895_K10	/tank/kfreel_data/SAR11_genomes/Freel_manu_SAR11/preprint/data/01_CONTIGS/02_CONTIGS_sags/GCA_902524535_1_AG_895_K10.db
GCA_902591025_1_AG_914_L04	/tank/kfreel_data/SAR11_genomes/Freel_manu_SAR11/preprint/data/01_CONTIGS/02_CONTIGS_sags/GCA_902591025_1_AG_914_L04.db
GCA_902515985_1_AG_325_G21	/tank/kfreel_data/SAR11_genomes/Freel_manu_SAR11/preprint/data/01_CONTIGS/02_CONTIGS_sags/GCA_902515985_1_AG_325_G21.db
GCA_902622905_1_AG_893_L13	/tank/kfreel_data/SAR11_genomes/Freel_manu_SAR11/preprint/data/01_CONTIGS/02_CONTIGS_sags/GCA_902622905_1_AG_893_L13.db
GCA_902573465_1_AG_910_B05	/tank/kfreel_data/SAR11_genomes/Freel_manu_SAR11/preprint/data/01_CONTIGS/02_CONTIGS_sags/GCA_902573465_1_AG_910_B05.db
GCA_902526645_1_AG_896_C18	/tank/kfreel_data/SAR11_genomes/Freel_manu_SAR11/preprint/data/01_CONTIGS/02_CONTIGS_sags/GCA_902526645_1_AG_896_C18.db
GCA_902612345_1_AG_891_D10	/tank/kfreel_data/SAR11_genomes/Freel_manu_SAR11/preprint/data/01_CONTIGS/02_CONTIGS_sags/GCA_902612345_1_AG_891_D10.db
GCA_902615715_1_AG_919_F21	/tank/kfreel_data/SAR11_genomes/Freel_manu_SAR11/preprint/data/01_CONTIGS/02_CONTIGS_sags/GCA_902615715_1_AG_919_F21.db
GCA_902617025_1_AG_919_M05	/tank/kfreel_data/SAR11_genomes/Freel_manu_SAR11/preprint/data/01_CONTIGS/02_CONTIGS_sags/GCA_902617025_1_AG_919_M05.db
GCA_902590505_1_AG_914_J05	/tank/kfreel_data/SAR11_genomes/Freel_manu_SAR11/preprint/data/01_CONTIGS/02_CONTIGS_sags/GCA_902590505_1_AG_914_J05.db
GCA_902581795_1_AG_430_F03	/tank/kfreel_data/SAR11_genomes/Freel_manu_SAR11/preprint/data/01_CONTIGS/02_CONTIGS_sags/GCA_902581795_1_AG_430_F03.db
GCA_902524955_1_AG_895_L23	/tank/kfreel_data/SAR11_genomes/Freel_manu_SAR11/preprint/data/01_CONTIGS/02_CONTIGS_sags/GCA_902524955_1_AG_895_L23.db
GCA_902571425_1_AG_422_C20	/tank/kfreel_data/SAR11_genomes/Freel_manu_SAR11/preprint/data/01_CONTIGS/02_CONTIGS_sags/GCA_902571425_1_AG_422_C20.db
GCA_902595125_1_AG_447_N08	/tank/kfreel_data/SAR11_genomes/Freel_manu_SAR11/preprint/data/01_CONTIGS/02_CONTIGS_sags/GCA_902595125_1_AG_447_N08.db
GCA_902588965_1_AG_439_C18	/tank/kfreel_data/SAR11_genomes/Freel_manu_SAR11/preprint/data/01_CONTIGS/02_CONTIGS_sags/GCA_902588965_1_AG_439_C18.db
GCA_902616725_1_AG_919_L02	/tank/kfreel_data/SAR11_genomes/Freel_manu_SAR11/preprint/data/01_CONTIGS/02_CONTIGS_sags/GCA_902616725_1_AG_919_L02.db
GCA_902627805_1_AH_321_M13	/tank/kfreel_data/SAR11_genomes/Freel_manu_SAR11/preprint/data/01_CONTIGS/02_CONTIGS_sags/GCA_902627805_1_AH_321_M13.db
GCA_902581445_1_AG_911_K15	/tank/kfreel_data/SAR11_genomes/Freel_manu_SAR11/preprint/data/01_CONTIGS/02_CONTIGS_sags/GCA_902581445_1_AG_911_K15.db
GCA_902596515_1_AG_916_A16	/tank/kfreel_data/SAR11_genomes/Freel_manu_SAR11/preprint/data/01_CONTIGS/02_CONTIGS_sags/GCA_902596515_1_AG_916_A16.db
GCA_902520675_1_AG_894_L13	/tank/kfreel_data/SAR11_genomes/Freel_manu_SAR11/preprint/data/01_CONTIGS/02_CONTIGS_sags/GCA_902520675_1_AG_894_L13.db
GCA_902539445_1_AG_899_J23	/tank/kfreel_data/SAR11_genomes/Freel_manu_SAR11/preprint/data/01_CONTIGS/02_CONTIGS_sags/GCA_902539445_1_AG_899_J23.db
GCA_902600485_1_AG_917_B07	/tank/kfreel_data/SAR11_genomes/Freel_manu_SAR11/preprint/data/01_CONTIGS/02_CONTIGS_sags/GCA_902600485_1_AG_917_B07.db
GCA_902616145_1_AG_919_I13	/tank/kfreel_data/SAR11_genomes/Freel_manu_SAR11/preprint/data/01_CONTIGS/02_CONTIGS_sags/GCA_902616145_1_AG_919_I13.db
GCA_902618205_1_AG_892_J03	/tank/kfreel_data/SAR11_genomes/Freel_manu_SAR11/preprint/data/01_CONTIGS/02_CONTIGS_sags/GCA_902618205_1_AG_892_J03.db
GCA_902616245_1_AG_892_B11	/tank/kfreel_data/SAR11_genomes/Freel_manu_SAR11/preprint/data/01_CONTIGS/02_CONTIGS_sags/GCA_902616245_1_AG_892_B11.db
GCA_902543295_1_AG_900_G16	/tank/kfreel_data/SAR11_genomes/Freel_manu_SAR11/preprint/data/01_CONTIGS/02_CONTIGS_sags/GCA_902543295_1_AG_900_G16.db
GCA_902551985_1_AG_903_L07	/tank/kfreel_data/SAR11_genomes/Freel_manu_SAR11/preprint/data/01_CONTIGS/02_CONTIGS_sags/GCA_902551985_1_AG_903_L07.db
GCA_902594635_1_AG_915_K13	/tank/kfreel_data/SAR11_genomes/Freel_manu_SAR11/preprint/data/01_CONTIGS/02_CONTIGS_sags/GCA_902594635_1_AG_915_K13.db
GCA_902518165_1_AG_894_B06	/tank/kfreel_data/SAR11_genomes/Freel_manu_SAR11/preprint/data/01_CONTIGS/02_CONTIGS_sags/GCA_902518165_1_AG_894_B06.db
GCA_902585705_1_AG_913_C03	/tank/kfreel_data/SAR11_genomes/Freel_manu_SAR11/preprint/data/01_CONTIGS/02_CONTIGS_sags/GCA_902585705_1_AG_913_C03.db
GCA_902554715_1_AG_904_F17	/tank/kfreel_data/SAR11_genomes/Freel_manu_SAR11/preprint/data/01_CONTIGS/02_CONTIGS_sags/GCA_902554715_1_AG_904_F17.db
GCA_902612065_1_AG_891_C15	/tank/kfreel_data/SAR11_genomes/Freel_manu_SAR11/preprint/data/01_CONTIGS/02_CONTIGS_sags/GCA_902612065_1_AG_891_C15.db
GCA_902555465_1_AG_390_C19	/tank/kfreel_data/SAR11_genomes/Freel_manu_SAR11/preprint/data/01_CONTIGS/02_CONTIGS_sags/GCA_902555465_1_AG_390_C19.db
GCA_902518155_1_AG_894_B07	/tank/kfreel_data/SAR11_genomes/Freel_manu_SAR11/preprint/data/01_CONTIGS/02_CONTIGS_sags/GCA_902518155_1_AG_894_B07.db
GCA_902524345_1_AG_895_J19	/tank/kfreel_data/SAR11_genomes/Freel_manu_SAR11/preprint/data/01_CONTIGS/02_CONTIGS_sags/GCA_902524345_1_AG_895_J19.db
GCA_902579115_1_AG_911_G13	/tank/kfreel_data/SAR11_genomes/Freel_manu_SAR11/preprint/data/01_CONTIGS/02_CONTIGS_sags/GCA_902579115_1_AG_911_G13.db
GCA_902622245_1_AG_893_J08	/tank/kfreel_data/SAR11_genomes/Freel_manu_SAR11/preprint/data/01_CONTIGS/02_CONTIGS_sags/GCA_902622245_1_AG_893_J08.db
GCA_902531175_1_AG_897_G09	/tank/kfreel_data/SAR11_genomes/Freel_manu_SAR11/preprint/data/01_CONTIGS/02_CONTIGS_sags/GCA_902531175_1_AG_897_G09.db
GCA_902587755_1_AG_913_L03	/tank/kfreel_data/SAR11_genomes/Freel_manu_SAR11/preprint/data/01_CONTIGS/02_CONTIGS_sags/GCA_902587755_1_AG_913_L03.db
GCA_902592375_1_AG_447_C08	/tank/kfreel_data/SAR11_genomes/Freel_manu_SAR11/preprint/data/01_CONTIGS/02_CONTIGS_sags/GCA_902592375_1_AG_447_C08.db
GCA_902601055_1_AG_917_D14	/tank/kfreel_data/SAR11_genomes/Freel_manu_SAR11/preprint/data/01_CONTIGS/02_CONTIGS_sags/GCA_902601055_1_AG_917_D14.db
GCA_902543575_1_AG_900_I19	/tank/kfreel_data/SAR11_genomes/Freel_manu_SAR11/preprint/data/01_CONTIGS/02_CONTIGS_sags/GCA_902543575_1_AG_900_I19.db
GCA_902560075_1_AG_905_M05	/tank/kfreel_data/SAR11_genomes/Freel_manu_SAR11/preprint/data/01_CONTIGS/02_CONTIGS_sags/GCA_902560075_1_AG_905_M05.db
GCA_902579985_1_AG_430_B09	/tank/kfreel_data/SAR11_genomes/Freel_manu_SAR11/preprint/data/01_CONTIGS/02_CONTIGS_sags/GCA_902579985_1_AG_430_B09.db
GCA_902544135_1_AG_900_K21	/tank/kfreel_data/SAR11_genomes/Freel_manu_SAR11/preprint/data/01_CONTIGS/02_CONTIGS_sags/GCA_902544135_1_AG_900_K21.db
GCA_902597885_1_AG_916_G19	/tank/kfreel_data/SAR11_genomes/Freel_manu_SAR11/preprint/data/01_CONTIGS/02_CONTIGS_sags/GCA_902597885_1_AG_916_G19.db
GCA_902566365_1_AG_410_L19	/tank/kfreel_data/SAR11_genomes/Freel_manu_SAR11/preprint/data/01_CONTIGS/02_CONTIGS_sags/GCA_902566365_1_AG_410_L19.db
GCA_902618485_1_AG_892_K05	/tank/kfreel_data/SAR11_genomes/Freel_manu_SAR11/preprint/data/01_CONTIGS/02_CONTIGS_sags/GCA_902618485_1_AG_892_K05.db
GCA_902605035_1_AG_461_E04	/tank/kfreel_data/SAR11_genomes/Freel_manu_SAR11/preprint/data/01_CONTIGS/02_CONTIGS_sags/GCA_902605035_1_AG_461_E04.db
GCA_902515705_1_AG_325_E20	/tank/kfreel_data/SAR11_genomes/Freel_manu_SAR11/preprint/data/01_CONTIGS/02_CONTIGS_sags/GCA_902515705_1_AG_325_E20.db
GCA_902587515_1_AG_913_I14	/tank/kfreel_data/SAR11_genomes/Freel_manu_SAR11/preprint/data/01_CONTIGS/02_CONTIGS_sags/GCA_902587515_1_AG_913_I14.db
GCA_902595535_1_AG_447_M05	/tank/kfreel_data/SAR11_genomes/Freel_manu_SAR11/preprint/data/01_CONTIGS/02_CONTIGS_sags/GCA_902595535_1_AG_447_M05.db
GCA_902612605_1_AG_918_G22	/tank/kfreel_data/SAR11_genomes/Freel_manu_SAR11/preprint/data/01_CONTIGS/02_CONTIGS_sags/GCA_902612605_1_AG_918_G22.db
GCA_902618695_1_AG_920_D05	/tank/kfreel_data/SAR11_genomes/Freel_manu_SAR11/preprint/data/01_CONTIGS/02_CONTIGS_sags/GCA_902618695_1_AG_920_D05.db
GCA_902612325_1_AG_918_G06	/tank/kfreel_data/SAR11_genomes/Freel_manu_SAR11/preprint/data/01_CONTIGS/02_CONTIGS_sags/GCA_902612325_1_AG_918_G06.db
GCA_902612995_1_AG_918_K09	/tank/kfreel_data/SAR11_genomes/Freel_manu_SAR11/preprint/data/01_CONTIGS/02_CONTIGS_sags/GCA_902612995_1_AG_918_K09.db
GCA_902613915_1_AG_918_N23	/tank/kfreel_data/SAR11_genomes/Freel_manu_SAR11/preprint/data/01_CONTIGS/02_CONTIGS_sags/GCA_902613915_1_AG_918_N23.db
GCA_902613755_1_AG_891_I18	/tank/kfreel_data/SAR11_genomes/Freel_manu_SAR11/preprint/data/01_CONTIGS/02_CONTIGS_sags/GCA_902613755_1_AG_891_I18.db
GCA_902555585_1_AG_904_K03	/tank/kfreel_data/SAR11_genomes/Freel_manu_SAR11/preprint/data/01_CONTIGS/02_CONTIGS_sags/GCA_902555585_1_AG_904_K03.db
GCA_902570695_1_AG_909_F14	/tank/kfreel_data/SAR11_genomes/Freel_manu_SAR11/preprint/data/01_CONTIGS/02_CONTIGS_sags/GCA_902570695_1_AG_909_F14.db
GCA_902613855_1_AG_891_J07	/tank/kfreel_data/SAR11_genomes/Freel_manu_SAR11/preprint/data/01_CONTIGS/02_CONTIGS_sags/GCA_902613855_1_AG_891_J07.db
GCA_902622545_1_AG_893_K09	/tank/kfreel_data/SAR11_genomes/Freel_manu_SAR11/preprint/data/01_CONTIGS/02_CONTIGS_sags/GCA_902622545_1_AG_893_K09.db
GCA_902555725_1_AG_390_D15	/tank/kfreel_data/SAR11_genomes/Freel_manu_SAR11/preprint/data/01_CONTIGS/02_CONTIGS_sags/GCA_902555725_1_AG_390_D15.db
GCA_902601705_1_AG_917_F18	/tank/kfreel_data/SAR11_genomes/Freel_manu_SAR11/preprint/data/01_CONTIGS/02_CONTIGS_sags/GCA_902601705_1_AG_917_F18.db
GCA_902620525_1_AG_920_L07	/tank/kfreel_data/SAR11_genomes/Freel_manu_SAR11/preprint/data/01_CONTIGS/02_CONTIGS_sags/GCA_902620525_1_AG_920_L07.db
GCA_902617415_1_AG_892_F15	/tank/kfreel_data/SAR11_genomes/Freel_manu_SAR11/preprint/data/01_CONTIGS/02_CONTIGS_sags/GCA_902617415_1_AG_892_F15.db
GCA_902543485_1_AG_900_I13	/tank/kfreel_data/SAR11_genomes/Freel_manu_SAR11/preprint/data/01_CONTIGS/02_CONTIGS_sags/GCA_902543485_1_AG_900_I13.db
GCA_902518455_1_AG_894_C14	/tank/kfreel_data/SAR11_genomes/Freel_manu_SAR11/preprint/data/01_CONTIGS/02_CONTIGS_sags/GCA_902518455_1_AG_894_C14.db
GCA_902569405_1_AG_414_L04	/tank/kfreel_data/SAR11_genomes/Freel_manu_SAR11/preprint/data/01_CONTIGS/02_CONTIGS_sags/GCA_902569405_1_AG_414_L04.db
GCA_902609685_1_AG_917_K06	/tank/kfreel_data/SAR11_genomes/Freel_manu_SAR11/preprint/data/01_CONTIGS/02_CONTIGS_sags/GCA_902609685_1_AG_917_K06.db
GCA_902583075_1_AG_912_G22	/tank/kfreel_data/SAR11_genomes/Freel_manu_SAR11/preprint/data/01_CONTIGS/02_CONTIGS_sags/GCA_902583075_1_AG_912_G22.db
GCA_902621345_1_AG_893_F11	/tank/kfreel_data/SAR11_genomes/Freel_manu_SAR11/preprint/data/01_CONTIGS/02_CONTIGS_sags/GCA_902621345_1_AG_893_F11.db
GCA_902574035_1_AG_422_L15	/tank/kfreel_data/SAR11_genomes/Freel_manu_SAR11/preprint/data/01_CONTIGS/02_CONTIGS_sags/GCA_902574035_1_AG_422_L15.db
GCA_902578775_1_AG_426_P08	/tank/kfreel_data/SAR11_genomes/Freel_manu_SAR11/preprint/data/01_CONTIGS/02_CONTIGS_sags/GCA_902578775_1_AG_426_P08.db
GCA_902524945_1_AG_337_E15	/tank/kfreel_data/SAR11_genomes/Freel_manu_SAR11/preprint/data/01_CONTIGS/02_CONTIGS_sags/GCA_902524945_1_AG_337_E15.db
GCA_902576975_1_AG_426_F10	/tank/kfreel_data/SAR11_genomes/Freel_manu_SAR11/preprint/data/01_CONTIGS/02_CONTIGS_sags/GCA_902576975_1_AG_426_F10.db
GCA_902572515_1_AG_422_G03	/tank/kfreel_data/SAR11_genomes/Freel_manu_SAR11/preprint/data/01_CONTIGS/02_CONTIGS_sags/GCA_902572515_1_AG_422_G03.db
GCA_902541285_1_AG_359_G17	/tank/kfreel_data/SAR11_genomes/Freel_manu_SAR11/preprint/data/01_CONTIGS/02_CONTIGS_sags/GCA_902541285_1_AG_359_G17.db
GCA_902539835_1_AG_359_B05	/tank/kfreel_data/SAR11_genomes/Freel_manu_SAR11/preprint/data/01_CONTIGS/02_CONTIGS_sags/GCA_902539835_1_AG_359_B05.db
GCA_902524235_1_AG_337_C19	/tank/kfreel_data/SAR11_genomes/Freel_manu_SAR11/preprint/data/01_CONTIGS/02_CONTIGS_sags/GCA_902524235_1_AG_337_C19.db
GCA_902576045_1_AG_426_C16	/tank/kfreel_data/SAR11_genomes/Freel_manu_SAR11/preprint/data/01_CONTIGS/02_CONTIGS_sags/GCA_902576045_1_AG_426_C16.db
GCA_902557385_1_AG_390_I22	/tank/kfreel_data/SAR11_genomes/Freel_manu_SAR11/preprint/data/01_CONTIGS/02_CONTIGS_sags/GCA_902557385_1_AG_390_I22.db
GCA_000513075_1_ASM51307v1	/tank/kfreel_data/SAR11_genomes/Freel_manu_SAR11/preprint/data/01_CONTIGS/02_CONTIGS_sags/GCA_000513075_1_ASM51307v1.db
GCA_000504605_1_ASM50460v1	/tank/kfreel_data/SAR11_genomes/Freel_manu_SAR11/preprint/data/01_CONTIGS/02_CONTIGS_sags/GCA_000504605_1_ASM50460v1.db
GCA_000513055_1_ASM51305v1	/tank/kfreel_data/SAR11_genomes/Freel_manu_SAR11/preprint/data/01_CONTIGS/02_CONTIGS_sags/GCA_000513055_1_ASM51305v1.db
GCA_000504625_1_ASM50462v1	/tank/kfreel_data/SAR11_genomes/Freel_manu_SAR11/preprint/data/01_CONTIGS/02_CONTIGS_sags/GCA_000504625_1_ASM50462v1.db
HIMB109	/tank/kfreel_data/SAR11_genomes/Freel_manu_SAR11/preprint/data/01_CONTIGS/04_CONTIGS_new_genomes/HIMB109.db
HIMB123	/tank/kfreel_data/SAR11_genomes/Freel_manu_SAR11/preprint/data/01_CONTIGS/04_CONTIGS_new_genomes/HIMB123.db
HIMB1402	/tank/kfreel_data/SAR11_genomes/Freel_manu_SAR11/preprint/data/01_CONTIGS/04_CONTIGS_new_genomes/HIMB1402.db
HIMB1409	/tank/kfreel_data/SAR11_genomes/Freel_manu_SAR11/preprint/data/01_CONTIGS/04_CONTIGS_new_genomes/HIMB1409.db
HIMB1412	/tank/kfreel_data/SAR11_genomes/Freel_manu_SAR11/preprint/data/01_CONTIGS/04_CONTIGS_new_genomes/HIMB1412.db
HIMB1413	/tank/kfreel_data/SAR11_genomes/Freel_manu_SAR11/preprint/data/01_CONTIGS/04_CONTIGS_new_genomes/HIMB1413.db
HIMB1420	/tank/kfreel_data/SAR11_genomes/Freel_manu_SAR11/preprint/data/01_CONTIGS/04_CONTIGS_new_genomes/HIMB1420.db
HIMB1427	/tank/kfreel_data/SAR11_genomes/Freel_manu_SAR11/preprint/data/01_CONTIGS/04_CONTIGS_new_genomes/HIMB1427.db
HIMB1430	/tank/kfreel_data/SAR11_genomes/Freel_manu_SAR11/preprint/data/01_CONTIGS/04_CONTIGS_new_genomes/HIMB1430.db
HIMB1436	/tank/kfreel_data/SAR11_genomes/Freel_manu_SAR11/preprint/data/01_CONTIGS/04_CONTIGS_new_genomes/HIMB1436.db
HIMB1437	/tank/kfreel_data/SAR11_genomes/Freel_manu_SAR11/preprint/data/01_CONTIGS/04_CONTIGS_new_genomes/HIMB1437.db
HIMB1444	/tank/kfreel_data/SAR11_genomes/Freel_manu_SAR11/preprint/data/01_CONTIGS/04_CONTIGS_new_genomes/HIMB1444.db
HIMB1456	/tank/kfreel_data/SAR11_genomes/Freel_manu_SAR11/preprint/data/01_CONTIGS/04_CONTIGS_new_genomes/HIMB1456.db
HIMB1463	/tank/kfreel_data/SAR11_genomes/Freel_manu_SAR11/preprint/data/01_CONTIGS/04_CONTIGS_new_genomes/HIMB1463.db
HIMB1483	/tank/kfreel_data/SAR11_genomes/Freel_manu_SAR11/preprint/data/01_CONTIGS/04_CONTIGS_new_genomes/HIMB1483.db
HIMB1485	/tank/kfreel_data/SAR11_genomes/Freel_manu_SAR11/preprint/data/01_CONTIGS/04_CONTIGS_new_genomes/HIMB1485.db
HIMB1488	/tank/kfreel_data/SAR11_genomes/Freel_manu_SAR11/preprint/data/01_CONTIGS/04_CONTIGS_new_genomes/HIMB1488.db
HIMB1490	/tank/kfreel_data/SAR11_genomes/Freel_manu_SAR11/preprint/data/01_CONTIGS/04_CONTIGS_new_genomes/HIMB1490.db
HIMB1491	/tank/kfreel_data/SAR11_genomes/Freel_manu_SAR11/preprint/data/01_CONTIGS/04_CONTIGS_new_genomes/HIMB1491.db
HIMB1492	/tank/kfreel_data/SAR11_genomes/Freel_manu_SAR11/preprint/data/01_CONTIGS/04_CONTIGS_new_genomes/HIMB1492.db
HIMB1493	/tank/kfreel_data/SAR11_genomes/Freel_manu_SAR11/preprint/data/01_CONTIGS/04_CONTIGS_new_genomes/HIMB1493.db
HIMB1494	/tank/kfreel_data/SAR11_genomes/Freel_manu_SAR11/preprint/data/01_CONTIGS/04_CONTIGS_new_genomes/HIMB1494.db
HIMB1495	/tank/kfreel_data/SAR11_genomes/Freel_manu_SAR11/preprint/data/01_CONTIGS/04_CONTIGS_new_genomes/HIMB1495.db
HIMB1505	/tank/kfreel_data/SAR11_genomes/Freel_manu_SAR11/preprint/data/01_CONTIGS/04_CONTIGS_new_genomes/HIMB1505.db
HIMB1506	/tank/kfreel_data/SAR11_genomes/Freel_manu_SAR11/preprint/data/01_CONTIGS/04_CONTIGS_new_genomes/HIMB1506.db
HIMB1507	/tank/kfreel_data/SAR11_genomes/Freel_manu_SAR11/preprint/data/01_CONTIGS/04_CONTIGS_new_genomes/HIMB1507.db
HIMB1509	/tank/kfreel_data/SAR11_genomes/Freel_manu_SAR11/preprint/data/01_CONTIGS/04_CONTIGS_new_genomes/HIMB1509.db
HIMB1513	/tank/kfreel_data/SAR11_genomes/Freel_manu_SAR11/preprint/data/01_CONTIGS/04_CONTIGS_new_genomes/HIMB1513.db
HIMB1517	/tank/kfreel_data/SAR11_genomes/Freel_manu_SAR11/preprint/data/01_CONTIGS/04_CONTIGS_new_genomes/HIMB1517.db
HIMB1518	/tank/kfreel_data/SAR11_genomes/Freel_manu_SAR11/preprint/data/01_CONTIGS/04_CONTIGS_new_genomes/HIMB1518.db
HIMB1520	/tank/kfreel_data/SAR11_genomes/Freel_manu_SAR11/preprint/data/01_CONTIGS/04_CONTIGS_new_genomes/HIMB1520.db
HIMB1521	/tank/kfreel_data/SAR11_genomes/Freel_manu_SAR11/preprint/data/01_CONTIGS/04_CONTIGS_new_genomes/HIMB1521.db
HIMB1526	/tank/kfreel_data/SAR11_genomes/Freel_manu_SAR11/preprint/data/01_CONTIGS/04_CONTIGS_new_genomes/HIMB1526.db
HIMB1527	/tank/kfreel_data/SAR11_genomes/Freel_manu_SAR11/preprint/data/01_CONTIGS/04_CONTIGS_new_genomes/HIMB1527.db
HIMB1542	/tank/kfreel_data/SAR11_genomes/Freel_manu_SAR11/preprint/data/01_CONTIGS/04_CONTIGS_new_genomes/HIMB1542.db
HIMB1549	/tank/kfreel_data/SAR11_genomes/Freel_manu_SAR11/preprint/data/01_CONTIGS/04_CONTIGS_new_genomes/HIMB1549.db
HIMB1552	/tank/kfreel_data/SAR11_genomes/Freel_manu_SAR11/preprint/data/01_CONTIGS/04_CONTIGS_new_genomes/HIMB1552.db
HIMB1556	/tank/kfreel_data/SAR11_genomes/Freel_manu_SAR11/preprint/data/01_CONTIGS/04_CONTIGS_new_genomes/HIMB1556.db
HIMB1559	/tank/kfreel_data/SAR11_genomes/Freel_manu_SAR11/preprint/data/01_CONTIGS/04_CONTIGS_new_genomes/HIMB1559.db
HIMB1564	/tank/kfreel_data/SAR11_genomes/Freel_manu_SAR11/preprint/data/01_CONTIGS/04_CONTIGS_new_genomes/HIMB1564.db
HIMB1565	/tank/kfreel_data/SAR11_genomes/Freel_manu_SAR11/preprint/data/01_CONTIGS/04_CONTIGS_new_genomes/HIMB1565.db
HIMB1573	/tank/kfreel_data/SAR11_genomes/Freel_manu_SAR11/preprint/data/01_CONTIGS/04_CONTIGS_new_genomes/HIMB1573.db
HIMB1577	/tank/kfreel_data/SAR11_genomes/Freel_manu_SAR11/preprint/data/01_CONTIGS/04_CONTIGS_new_genomes/HIMB1577.db
HIMB1587	/tank/kfreel_data/SAR11_genomes/Freel_manu_SAR11/preprint/data/01_CONTIGS/04_CONTIGS_new_genomes/HIMB1587.db
HIMB1593	/tank/kfreel_data/SAR11_genomes/Freel_manu_SAR11/preprint/data/01_CONTIGS/04_CONTIGS_new_genomes/HIMB1593.db
HIMB1597	/tank/kfreel_data/SAR11_genomes/Freel_manu_SAR11/preprint/data/01_CONTIGS/04_CONTIGS_new_genomes/HIMB1597.db
HIMB1602	/tank/kfreel_data/SAR11_genomes/Freel_manu_SAR11/preprint/data/01_CONTIGS/04_CONTIGS_new_genomes/HIMB1602.db
HIMB1611	/tank/kfreel_data/SAR11_genomes/Freel_manu_SAR11/preprint/data/01_CONTIGS/04_CONTIGS_new_genomes/HIMB1611.db
HIMB1623	/tank/kfreel_data/SAR11_genomes/Freel_manu_SAR11/preprint/data/01_CONTIGS/04_CONTIGS_new_genomes/HIMB1623.db
HIMB1631	/tank/kfreel_data/SAR11_genomes/Freel_manu_SAR11/preprint/data/01_CONTIGS/04_CONTIGS_new_genomes/HIMB1631.db
HIMB1636	/tank/kfreel_data/SAR11_genomes/Freel_manu_SAR11/preprint/data/01_CONTIGS/04_CONTIGS_new_genomes/HIMB1636.db
HIMB1641	/tank/kfreel_data/SAR11_genomes/Freel_manu_SAR11/preprint/data/01_CONTIGS/04_CONTIGS_new_genomes/HIMB1641.db
HIMB1662	/tank/kfreel_data/SAR11_genomes/Freel_manu_SAR11/preprint/data/01_CONTIGS/04_CONTIGS_new_genomes/HIMB1662.db
HIMB1685	/tank/kfreel_data/SAR11_genomes/Freel_manu_SAR11/preprint/data/01_CONTIGS/04_CONTIGS_new_genomes/HIMB1685.db
HIMB1695	/tank/kfreel_data/SAR11_genomes/Freel_manu_SAR11/preprint/data/01_CONTIGS/04_CONTIGS_new_genomes/HIMB1695.db
HIMB1701	/tank/kfreel_data/SAR11_genomes/Freel_manu_SAR11/preprint/data/01_CONTIGS/04_CONTIGS_new_genomes/HIMB1701.db
HIMB1702	/tank/kfreel_data/SAR11_genomes/Freel_manu_SAR11/preprint/data/01_CONTIGS/04_CONTIGS_new_genomes/HIMB1702.db
HIMB1709	/tank/kfreel_data/SAR11_genomes/Freel_manu_SAR11/preprint/data/01_CONTIGS/04_CONTIGS_new_genomes/HIMB1709.db
HIMB1710	/tank/kfreel_data/SAR11_genomes/Freel_manu_SAR11/preprint/data/01_CONTIGS/04_CONTIGS_new_genomes/HIMB1710.db
HIMB1715	/tank/kfreel_data/SAR11_genomes/Freel_manu_SAR11/preprint/data/01_CONTIGS/04_CONTIGS_new_genomes/HIMB1715.db
HIMB1723	/tank/kfreel_data/SAR11_genomes/Freel_manu_SAR11/preprint/data/01_CONTIGS/04_CONTIGS_new_genomes/HIMB1723.db
HIMB1746	/tank/kfreel_data/SAR11_genomes/Freel_manu_SAR11/preprint/data/01_CONTIGS/04_CONTIGS_new_genomes/HIMB1746.db
HIMB1748	/tank/kfreel_data/SAR11_genomes/Freel_manu_SAR11/preprint/data/01_CONTIGS/04_CONTIGS_new_genomes/HIMB1748.db
HIMB1758	/tank/kfreel_data/SAR11_genomes/Freel_manu_SAR11/preprint/data/01_CONTIGS/04_CONTIGS_new_genomes/HIMB1758.db
HIMB1765	/tank/kfreel_data/SAR11_genomes/Freel_manu_SAR11/preprint/data/01_CONTIGS/04_CONTIGS_new_genomes/HIMB1765.db
HIMB1770	/tank/kfreel_data/SAR11_genomes/Freel_manu_SAR11/preprint/data/01_CONTIGS/04_CONTIGS_new_genomes/HIMB1770.db
HIMB1782	/tank/kfreel_data/SAR11_genomes/Freel_manu_SAR11/preprint/data/01_CONTIGS/04_CONTIGS_new_genomes/HIMB1782.db
HIMB1835	/tank/kfreel_data/SAR11_genomes/Freel_manu_SAR11/preprint/data/01_CONTIGS/04_CONTIGS_new_genomes/HIMB1835.db
HIMB1838	/tank/kfreel_data/SAR11_genomes/Freel_manu_SAR11/preprint/data/01_CONTIGS/04_CONTIGS_new_genomes/HIMB1838.db
HIMB1863	/tank/kfreel_data/SAR11_genomes/Freel_manu_SAR11/preprint/data/01_CONTIGS/04_CONTIGS_new_genomes/HIMB1863.db
HIMB2104	/tank/kfreel_data/SAR11_genomes/Freel_manu_SAR11/preprint/data/01_CONTIGS/04_CONTIGS_new_genomes/HIMB2104.db
HIMB2187	/tank/kfreel_data/SAR11_genomes/Freel_manu_SAR11/preprint/data/01_CONTIGS/04_CONTIGS_new_genomes/HIMB2187.db
HIMB2200	/tank/kfreel_data/SAR11_genomes/Freel_manu_SAR11/preprint/data/01_CONTIGS/04_CONTIGS_new_genomes/HIMB2200.db
HIMB2201	/tank/kfreel_data/SAR11_genomes/Freel_manu_SAR11/preprint/data/01_CONTIGS/04_CONTIGS_new_genomes/HIMB2201.db
HIMB2204	/tank/kfreel_data/SAR11_genomes/Freel_manu_SAR11/preprint/data/01_CONTIGS/04_CONTIGS_new_genomes/HIMB2204.db
HIMB2211	/tank/kfreel_data/SAR11_genomes/Freel_manu_SAR11/preprint/data/01_CONTIGS/04_CONTIGS_new_genomes/HIMB2211.db
HIMB2215	/tank/kfreel_data/SAR11_genomes/Freel_manu_SAR11/preprint/data/01_CONTIGS/04_CONTIGS_new_genomes/HIMB2215.db
HIMB2226	/tank/kfreel_data/SAR11_genomes/Freel_manu_SAR11/preprint/data/01_CONTIGS/04_CONTIGS_new_genomes/HIMB2226.db
HIMB2250	/tank/kfreel_data/SAR11_genomes/Freel_manu_SAR11/preprint/data/01_CONTIGS/04_CONTIGS_new_genomes/HIMB2250.db
HIMB2304	/tank/kfreel_data/SAR11_genomes/Freel_manu_SAR11/preprint/data/01_CONTIGS/04_CONTIGS_new_genomes/HIMB2304.db
HIMB2305	/tank/kfreel_data/SAR11_genomes/Freel_manu_SAR11/preprint/data/01_CONTIGS/04_CONTIGS_new_genomes/HIMB2305.db
GCA_000421265	/tank/kfreel_data/SAR11_genomes/Freel_manu_SAR11/preprint/data/01_CONTIGS/01_CONTIGS_outgroup/GCA_000421265.db
GCA_000513295	/tank/kfreel_data/SAR11_genomes/Freel_manu_SAR11/preprint/data/01_CONTIGS/01_CONTIGS_outgroup/GCA_000513295.db
GCA_000688235	/tank/kfreel_data/SAR11_genomes/Freel_manu_SAR11/preprint/data/01_CONTIGS/01_CONTIGS_outgroup/GCA_000688235.db
GCA_000968135	/tank/kfreel_data/SAR11_genomes/Freel_manu_SAR11/preprint/data/01_CONTIGS/01_CONTIGS_outgroup/GCA_000968135.db
GCA_014672695	/tank/kfreel_data/SAR11_genomes/Freel_manu_SAR11/preprint/data/01_CONTIGS/01_CONTIGS_outgroup/GCA_014672695.db
GCA_021555045	/tank/kfreel_data/SAR11_genomes/Freel_manu_SAR11/preprint/data/01_CONTIGS/01_CONTIGS_outgroup/GCA_021555045.db
GCA_026163695	/tank/kfreel_data/SAR11_genomes/Freel_manu_SAR11/preprint/data/01_CONTIGS/01_CONTIGS_outgroup/GCA_026163695.db
GCA_027864655	/tank/kfreel_data/SAR11_genomes/Freel_manu_SAR11/preprint/data/01_CONTIGS/01_CONTIGS_outgroup/GCA_027864655.db
GCA_029318635	/tank/kfreel_data/SAR11_genomes/Freel_manu_SAR11/preprint/data/01_CONTIGS/01_CONTIGS_outgroup/GCA_029318635.db
GCA_902725215	/tank/kfreel_data/SAR11_genomes/Freel_manu_SAR11/preprint/data/01_CONTIGS/01_CONTIGS_outgroup/GCA_902725215.db
